Source.Name,team_id,team_name,league_name,nationality_name,overall,club_worth_eur,Gender
"male_teams.csv",239,"Lierse SK","Jupiler Pro League","Belgium",64,,"Men"
"male_teams.csv",373,"Dagenham and Redbridge","League Two","England",60,,"Men"
"male_teams.csv",434,"FC Aarau","Super League","Switzerland",62,,"Men"
"male_teams.csv",571,"RC Recreativo de Huelva","La Liga 2","Spain",65,,"Men"
"male_teams.csv",974,"Korea Republic","Friendly International","Korea Republic",70,,"Men"
"male_teams.csv",980,"Daejeon Citizen","K League 1","Korea Republic",60,,"Men"
"male_teams.csv",1322,"Austria","Friendly International","Austria",77,,"Men"
"male_teams.csv",1325,"Belgium","Friendly International","Belgium",82,,"Men"
"male_teams.csv",1327,"Bulgaria","Friendly International","Bulgaria",67,,"Men"
"male_teams.csv",1328,"Croatia","Friendly International","Croatia",80,,"Men"
"male_teams.csv",1330,"Czech Republic","Friendly International","Czech Republic",77,,"Men"
"male_teams.csv",1331,"Denmark","Friendly International","Denmark",79,,"Men"
"male_teams.csv",1334,"Finland","Friendly International","Finland",69,,"Men"
"male_teams.csv",1338,"Greece","Friendly International","Greece",73,,"Men"
"male_teams.csv",1341,"Iceland","Friendly International","Iceland",68,,"Men"
"male_teams.csv",1353,"Poland","Friendly International","Poland",78,,"Men"
"male_teams.csv",1354,"Portugal","Friendly International","Portugal",83,,"Men"
"male_teams.csv",1355,"Republic of Ireland","Friendly International","Republic of Ireland",72,,"Men"
"male_teams.csv",1356,"Romania","Friendly International","Romania",72,,"Men"
"male_teams.csv",1357,"Russia","Friendly International","Russia",75,,"Men"
"male_teams.csv",1361,"Slovenia","Friendly International","Slovenia",73,,"Men"
"male_teams.csv",1364,"Switzerland","Friendly International","Switzerland",78,,"Men"
"male_teams.csv",1365,"Turkey","Friendly International","Turkey",77,,"Men"
"male_teams.csv",1366,"Ukraine","Friendly International","Ukraine",75,,"Men"
"male_teams.csv",1367,"Wales","Friendly International","Wales",73,,"Men"
"male_teams.csv",1369,"Argentina","Friendly International","Argentina",83,,"Men"
"male_teams.csv",1375,"Paraguay","Friendly International","Paraguay",73,,"Men"
"male_teams.csv",1377,"Uruguay","Friendly International","Uruguay",79,,"Men"
"male_teams.csv",1395,"Cameroon","Friendly International","Cameroon",70,,"Men"
"male_teams.csv",1458,"Kayseri Erciyesspor","Super Lig","Turkey",67,,"Men"
"male_teams.csv",1812,"US Créteil-Lusitanos","Ligue 2","France",65,,"Men"
"male_teams.csv",1886,"Hungary","Friendly International","Hungary",74,,"Men"
"male_teams.csv",1901,"Associação Académica de Coimbra","Liga Portugal","Portugal",69,,"Men"
"male_teams.csv",1948,"York City","League Two","England",59,,"Men"
"male_teams.csv",100626,"FC Dordrecht","Eredivisie","Netherlands",63,,"Men"
"male_teams.csv",100741,"FC Penafiel","Liga Portugal","Portugal",66,,"Men"
"male_teams.csv",100768,"Torpedo Moscow","Premier League","Russia",66,,"Men"
"male_teams.csv",101036,"Mersin İdman Yurdu","Super Lig","Turkey",67,,"Men"
"male_teams.csv",110081,"Northern Ireland","Friendly International","Northern Ireland",69,,"Men"
"male_teams.csv",110089,"Kuban Krasnodar","Premier League","Russia",69,,"Men"
"male_teams.csv",110106,"FC Mordovia Saransk","Premier League","Russia",66,,"Men"
"male_teams.csv",110364,"Catania","Serie B","Italy",67,,"Men"
"male_teams.csv",110596,"FSV Frankfurt","2. Bundesliga","Germany",67,,"Men"
"male_teams.csv",110701,"Athletic Club de Bilbao B","La Liga 2","Spain",69,,"Men"
"male_teams.csv",110744,"GKS Bełchatów","Ekstraklasa","Poland",62,,"Men"
"male_teams.csv",110979,"CD Cobreloa","Primera Division","Chile",64,,"Men"
"male_teams.csv",111032,"Dorados de Sinaloa","Liga MX","Mexico",66,,"Men"
"male_teams.csv",111070,"Chivas USA","Major League Soccer","United States",62,,"Men"
"male_teams.csv",111099,"South Africa","Friendly International","South Africa",71,,"Men"
"male_teams.csv",111108,"Peru","Friendly International","Peru",72,,"Men"
"male_teams.csv",111109,"Colombia","Friendly International","Colombia",78,,"Men"
"male_teams.csv",111111,"Morocco","Friendly International","Morocco",77,,"Men"
"male_teams.csv",111112,"Côte d'Ivoire","Friendly International","Côte d'Ivoire",76,,"Men"
"male_teams.csv",111114,"Saudi Arabia","Friendly International","Saudi Arabia",72,,"Men"
"male_teams.csv",111130,"Egypt","Friendly International","Egypt",73,,"Men"
"male_teams.csv",111271,"Évian Thonon Gaillard FC","Ligue 2","France",66,,"Men"
"male_teams.csv",111373,"SC Magna Wiener Neustadt","Bundesliga","Austria",61,,"Men"
"male_teams.csv",111451,"Bolivia","Friendly International","Bolivia",66,,"Men"
"male_teams.csv",111459,"Chile","Friendly International","Chile",75,,"Men"
"male_teams.csv",111462,"Ghana","Friendly International","Ghana",75,,"Men"
"male_teams.csv",111465,"Ecuador","Friendly International","Ecuador",73,,"Men"
"male_teams.csv",111466,"India","Friendly International","India",60,,"Men"
"male_teams.csv",111487,"Venezuela","Friendly International","Venezuela",71,,"Men"
"male_teams.csv",111527,"Qatar","Friendly International","Qatar",69,,"Men"
"male_teams.csv",111654,"Leones Negros de la UdeG","Liga MX","Mexico",65,,"Men"
"male_teams.csv",111835,"Åtvidabergs FF","Allsvenskan","Sweden",59,,"Men"
"male_teams.csv",111965,"Athlone Town","Premier Division","Republic of Ireland",50,,"Men"
"male_teams.csv",111988,"Eskişehirspor","Super Lig","Turkey",68,,"Men"
"male_teams.csv",111989,"AC Arles Avignon","Ligue 2","France",64,,"Men"
"male_teams.csv",112020,"SS Virtus Lanciano","Serie B","Italy",65,,"Men"
"male_teams.csv",112022,"SV Grödig","Bundesliga","Austria",61,,"Men"
"male_teams.csv",112237,"Varese","Serie B","Italy",63,,"Men"
"male_teams.csv",112374,"Sandnes Ulf","Eliteserien","Norway",59,,"Men"
"male_teams.csv",112394,"Hajer","Pro League","Saudi Arabia",61,,"Men"
"male_teams.csv",112395,"Najran SC","Pro League","Saudi Arabia",63,,"Men"
"male_teams.csv",112407,"Al Shoulla","Pro League","Saudi Arabia",60,,"Men"
"male_teams.csv",112424,"FC Vestsjælland","Superliga","Denmark",63,,"Men"
"male_teams.csv",112512,"Zawisza Bydgoszcz","Ekstraklasa","Poland",63,,"Men"
"male_teams.csv",112517,"União da Madeira","Liga Portugal","Portugal",69,,"Men"
"male_teams.csv",112586,"Deportivo San Marcos de Arica","Primera Division","Chile",66,,"Men"
"male_teams.csv",112675,"Al Orobah","Pro League","Saudi Arabia",60,,"Men"
"male_teams.csv",112708,"AC Barnechea","Primera Division","Chile",61,,"Men"
"male_teams.csv",112830,"Uniautónoma FC","Liga BetPlay","Colombia",58,,"Men"
"male_teams.csv",112889,"Balıkesirspor","Super Lig","Turkey",64,,"Men"
"male_teams.csv",112902,"UE Llagostera","La Liga 2","Spain",67,,"Men"
"male_teams.csv",112909,"Crucero del Norte","Liga Profesional","Argentina",61,,"Men"
"male_teams.csv",112925,"Nueva Chicago","Liga Profesional","Argentina",62,,"Men"
"male_teams.csv",21,"FC Bayern München","Bundesliga","Germany",84,-2147483648,"Men"
"male_teams.csv",22,"Borussia Dortmund","Bundesliga","Germany",81,1700000000,"Men"
"male_teams.csv",23,"Borussia Mönchengladbach","Bundesliga","Germany",78,333900000,"Men"
"male_teams.csv",25,"SC Freiburg","Bundesliga","Germany",76,266700000,"Men"
"male_teams.csv",28,"Hamburger SV","2. Bundesliga","Germany",70,126400000,"Men"
"male_teams.csv",31,"FC Köln","Bundesliga","Germany",74,136500000,"Men"
"male_teams.csv",32,"Bayer 04 Leverkusen","Bundesliga","Germany",80,445800000,"Men"
"male_teams.csv",34,"Schalke 04","Bundesliga","Germany",73,400100000,"Men"
"male_teams.csv",36,"VfB Stuttgart","Bundesliga","Germany",74,279100000,"Men"
"male_teams.csv",38,"Werder Bremen","Bundesliga","Germany",73,141700000,"Men"
"male_teams.csv",39,"Atalanta","Serie A","Italy",79,350000000,"Men"
"male_teams.csv",44,"Inter","Serie A","Italy",83,949000000,"Men"
"male_teams.csv",45,"Juventus","Serie A","Italy",82,-2147483648,"Men"
"male_teams.csv",46,"Lazio","Serie A","Italy",79,328000000,"Men"
"male_teams.csv",47,"Milan","Serie A","Italy",81,1100000000,"Men"
"male_teams.csv",48,"Napoli","Serie A","Italy",80,590000000,"Men"
"male_teams.csv",50,"Parma","Serie B","Italy",70,76000000,"Men"
"male_teams.csv",52,"Roma","Serie A","Italy",80,602000000,"Men"
"male_teams.csv",54,"Torino","Serie A","Italy",74,125000000,"Men"
"male_teams.csv",55,"Udinese","Serie A","Italy",75,160000000,"Men"
"male_teams.csv",57,"Auxerre","Ligue 1","France",71,35000000,"Men"
"male_teams.csv",64,"Lens","Ligue 1","France",74,50000000,"Men"
"male_teams.csv",65,"Lille","Ligue 1","France",75,147000000,"Men"
"male_teams.csv",66,"Olympique Lyonnais","Ligue 1","France",78,300000000,"Men"
"male_teams.csv",69,"Monaco","Ligue 1","Monaco",77,215000000,"Men"
"male_teams.csv",70,"Montpellier","Ligue 1","France",75,55000000,"Men"
"male_teams.csv",71,"Nantes","Ligue 1","France",74,75000000,"Men"
"male_teams.csv",72,"Nice","Ligue 1","France",77,130000000,"Men"
"male_teams.csv",73,"Paris Saint Germain","Ligue 1","France",85,-2147483648,"Men"
"male_teams.csv",74,"Rennes","Ligue 1","France",77,110000000,"Men"
"male_teams.csv",76,"Strasbourg","Ligue 1","France",75,50000000,"Men"
"male_teams.csv",78,"Celtic","Premiership","Scotland",74,65000000,"Men"
"male_teams.csv",80,"Hearts","Premiership","Scotland",70,7700000,"Men"
"male_teams.csv",86,"Rangers","Premiership","Scotland",73,55000000,"Men"
"male_teams.csv",159,"DSC Arminia Bielefeld","2. Bundesliga","Germany",70,46000000,"Men"
"male_teams.csv",160,"VfL Bochum 1848","Bundesliga","Germany",73,52300000,"Men"
"male_teams.csv",162,"FC Energie Cottbus","3. Liga","Germany",63,3700000,"Men"
"male_teams.csv",166,"Hertha BSC","Bundesliga","Germany",74,410000000,"Men"
"male_teams.csv",169,"FSV Mainz 05","Bundesliga","Germany",75,128000000,"Men"
"male_teams.csv",175,"VfL Wolfsburg","Bundesliga","Germany",76,349100000,"Men"
"male_teams.csv",184,"Hamilton Academical","Premiership","Scotland",62,4200000,"Men"
"male_teams.csv",189,"Bologna","Serie A","Italy",75,130000000,"Men"
"male_teams.csv",191,"Salzburg","Bundesliga","Austria",72,175000000,"Men"
"male_teams.csv",192,"Chievo","Serie B","Italy",70,20000000,"Men"
"male_teams.csv",205,"Venezia","Serie B","Italy",71,44000000,"Men"
"male_teams.csv",206,"Hellas Verona","Serie A","Italy",74,99000000,"Men"
"male_teams.csv",211,"Dinamo Zagreb","1. HNL","Croatia",72,150000000,"Men"
"male_teams.csv",217,"Lorient","Ligue 1","France",71,45000000,"Men"
"male_teams.csv",219,"Olympique Marseille","Ligue 1","France",78,250000000,"Men"
"male_teams.csv",229,"Anderlecht","Jupiler Pro League","Belgium",72,130000000,"Men"
"male_teams.csv",230,"Antwerp","Jupiler Pro League","Belgium",73,100000000,"Men"
"male_teams.csv",231,"Club Brugge","Jupiler Pro League","Belgium",75,180000000,"Men"
"male_teams.csv",232,"Standard Liège","Jupiler Pro League","Belgium",70,85000000,"Men"
"male_teams.csv",234,"Benfica","Liga Portugal","Portugal",79,320000000,"Men"
"male_teams.csv",236,"Porto","Liga Portugal","Portugal",78,240000000,"Men"
"male_teams.csv",237,"Sporting CP","Liga Portugal","Portugal",78,220000000,"Men"
"male_teams.csv",240,"Atlético Madrid","La Liga","Spain",82,1200000000,"Men"
"male_teams.csv",241,"FC Barcelona","La Liga","Spain",84,-2147483648,"Men"
"male_teams.csv",242,"Deportivo La Coruña","La Liga 2","Spain",70,90000000,"Men"
"male_teams.csv",243,"Real Madrid","La Liga","Spain",85,-2147483648,"Men"
"male_teams.csv",244,"Real Zaragoza","La Liga 2","Spain",70,7000000,"Men"
"male_teams.csv",245,"Ajax","Eredivisie","Netherlands",78,482000000,"Men"
"male_teams.csv",246,"Feyenoord","Eredivisie","Netherlands",75,222800000,"Men"
"male_teams.csv",247,"PSV","Eredivisie","Netherlands",76,285300000,"Men"
"male_teams.csv",263,"Hajduk Split","1. HNL","Croatia",70,45000000,"Men"
"male_teams.csv",266,"Slavia Praha","Fortuna Liga","Czech Republic",74,70000000,"Men"
"male_teams.csv",267,"Sparta Praha","Fortuna Liga","Czech Republic",73,60000000,"Men"
"male_teams.csv",278,"AEK Athens","Super League","Greece",74,65000000,"Men"
"male_teams.csv",280,"Olympiakos Piraeus","Super League","Greece",76,100000000,"Men"
"male_teams.csv",286,"Vaduz","Super League","Switzerland",62,5500000,"Men"
"male_teams.csv",294,"Troyes","Ligue 1","France",72,40000000,"Men"
"male_teams.csv",305,"Bohemians","Premier Division","Republic of Ireland",59,985000,"Men"
"male_teams.csv",306,"Shamrock Rovers","Premier Division","Republic of Ireland",63,1200000,"Men"
"male_teams.csv",312,"Dinamo Moscow","Premier League","Russia",71,100000000,"Men"
"male_teams.csv",315,"CSKA Moskva","Premier League","Russia",74,160000000,"Men"
"male_teams.csv",321,"Halmstad","Allsvenskan","Sweden",61,2900000,"Men"
"male_teams.csv",325,"Galatasaray","Super Lig","Turkey",76,40000000,"Men"
"male_teams.csv",326,"Fenerbahçe","Super Lig","Turkey",76,42000000,"Men"
"male_teams.csv",327,"Beşiktaş","Super Lig","Turkey",74,35000000,"Men"
"male_teams.csv",347,"Lecce","Serie A","Italy",72,53000000,"Men"
"male_teams.csv",378,"Brest","Ligue 1","France",73,45000000,"Men"
"male_teams.csv",379,"Reims","Ligue 1","France",72,65000000,"Men"
"male_teams.csv",383,"Palmeiras","Serie A","Brazil",76,111000000,"Men"
"male_teams.csv",393,"PAOK","Super League","Greece",72,80000000,"Men"
"male_teams.csv",418,"Tromsø","Eliteserien","Norway",62,3800000,"Men"
"male_teams.csv",422,"Cork City","Premier Division","Republic of Ireland",54,1100000,"Men"
"male_teams.csv",423,"St Patrick's","Premier Division","Republic of Ireland",60,977000,"Men"
"male_teams.csv",432,"Helsingborg","Allsvenskan","Sweden",62,6700000,"Men"
"male_teams.csv",436,"Trabzonspor","Super Lig","Turkey",76,38000000,"Men"
"male_teams.csv",445,"Derry City","Premier Division","Northern Ireland",60,990000,"Men"
"male_teams.csv",448,"Athletic Club","La Liga","Spain",79,250000000,"Men"
"male_teams.csv",449,"Real Betis","La Liga","Spain",79,175000000,"Men"
"male_teams.csv",450,"Celta de Vigo","La Liga","Spain",77,110000000,"Men"
"male_teams.csv",452,"Espanyol","La Liga","Spain",76,60000000,"Men"
"male_teams.csv",453,"Mallorca","La Liga","Spain",75,8000000,"Men"
"male_teams.csv",457,"Real Sociedad","La Liga","Spain",78,150000000,"Men"
"male_teams.csv",461,"Valencia","La Liga","Spain",76,530000000,"Men"
"male_teams.csv",462,"Real Valladolid","La Liga","Spain",75,11000000,"Men"
"male_teams.csv",463,"Deportivo Alavés","La Liga 2","Spain",71,13000000,"Men"
"male_teams.csv",467,"SD Eibar","La Liga 2","Spain",71,29000000,"Men"
"male_teams.csv",468,"Elche","La Liga","Spain",74,5000000,"Men"
"male_teams.csv",472,"Las Palmas","La Liga 2","Spain",72,45000000,"Men"
"male_teams.csv",479,"Osasuna","La Liga","Spain",76,15000000,"Men"
"male_teams.csv",480,"Rayo Vallecano","La Liga","Spain",76,10000000,"Men"
"male_teams.csv",481,"Sevilla","La Liga","Spain",81,540000000,"Men"
"male_teams.csv",483,"Villarreal","La Liga","Spain",80,370000000,"Men"
"male_teams.csv",485,"Hannover 96","2. Bundesliga","Germany",70,99300000,"Men"
"male_teams.csv",531,"Preußen Münster","3. Liga","Germany",63,5200000,"Men"
"male_teams.csv",563,"Sligo Rovers","Premier Division","Republic of Ireland",60,947000,"Men"
"male_teams.csv",567,"Fluminense","Serie A","Brazil",72,30000000,"Men"
"male_teams.csv",568,"Cruzeiro","Serie A","Brazil",73,47500000,"Men"
"male_teams.csv",569,"Vasco da Gama","Serie A","Brazil",70,23000000,"Men"
"male_teams.csv",598,"São Paulo","Serie A","Brazil",73,50000000,"Men"
"male_teams.csv",605,"Al Hilal","Pro League","Saudi Arabia",73,135600000,"Men"
"male_teams.csv",607,"Al Ittihad","Pro League","Saudi Arabia",71,85500000,"Men"
"male_teams.csv",614,"Ajaccio","Ligue 1","France",70,25000000,"Men"
"male_teams.csv",665,"Vitória FC","Liga Portugal","Portugal",70,7800000,"Men"
"male_teams.csv",673,"Genk","Jupiler Pro League","Belgium",73,140000000,"Men"
"male_teams.csv",674,"Gent","Jupiler Pro League","Belgium",73,150000000,"Men"
"male_teams.csv",691,"New England","Major League Soccer","United States",70,220500000,"Men"
"male_teams.csv",703,"Trelleborgs FF","Allsvenskan","Sweden",61,1600000,"Men"
"male_teams.csv",705,"Örebro","Allsvenskan","Sweden",62,4300000,"Men"
"male_teams.csv",741,"Antalyaspor","Super Lig","Turkey",71,10600000,"Men"
"male_teams.csv",742,"Bursaspor","Super Lig","Turkey",71,73000000,"Men"
"male_teams.csv",744,"Rio Ave","Liga Portugal","Portugal",70,16500000,"Men"
"male_teams.csv",753,"Waterford United","Premier Division","Republic of Ireland",57,950000,"Men"
"male_teams.csv",781,"Austria Lustenau","Bundesliga","Austria",63,5000000,"Men"
"male_teams.csv",819,"København","Superliga","Denmark",72,64300000,"Men"
"male_teams.csv",834,"Shelbourne","Premier Division","Republic of Ireland",58,942000,"Men"
"male_teams.csv",837,"Dundalk","Premier Division","Republic of Ireland",60,1100000,"Men"
"male_teams.csv",838,"Bray Wanderers","Premier Division","Republic of Ireland",54,1000000,"Men"
"male_teams.csv",900,"Young Boys","Super League","Switzerland",71,75800000,"Men"
"male_teams.csv",917,"Stabæk","Eliteserien","Norway",63,5000000,"Men"
"male_teams.csv",919,"Brann","Eliteserien","Norway",63,10300000,"Men"
"male_teams.csv",981,"Seongnam","K League 1","Korea Republic",59,11100000,"Men"
"male_teams.csv",1028,"Morelia","Liga MX","Mexico",70,40000000,"Men"
"male_teams.csv",1032,"Monterrey","Liga MX","Mexico",75,150000000,"Men"
"male_teams.csv",1035,"Atlético Mineiro","Serie A","Brazil",75,100000000,"Men"
"male_teams.csv",1039,"Athletico PR","Serie A","Brazil",74,77000000,"Men"
"male_teams.csv",1041,"Corinthians","Serie A","Brazil",73,134000000,"Men"
"male_teams.csv",1043,"Flamengo","Serie A","Brazil",76,364600000,"Men"
"male_teams.csv",1048,"Internacional","Serie A","Brazil",74,35000000,"Men"
"male_teams.csv",1053,"Santos","Serie A","Brazil",73,40000000,"Men"
"male_teams.csv",1439,"Kalmar","Allsvenskan","Sweden",61,5000000,"Men"
"male_teams.csv",1446,"Horsens","Superliga","Denmark",63,3500000,"Men"
"male_teams.csv",1456,"Odd","Eliteserien","Norway",61,6200000,"Men"
"male_teams.csv",1463,"Haugesund","Eliteserien","Norway",63,3600000,"Men"
"male_teams.csv",1465,"Sogndal Fotball","Eliteserien","Norway",59,3000000,"Men"
"male_teams.csv",1473,"Ulsan","K League 1","Korea Republic",70,21200000,"Men"
"male_teams.csv",1476,"Busan I'Park","K League 1","Korea Republic",62,7900000,"Men"
"male_teams.csv",1516,"Midtjylland","Superliga","Denmark",71,31500000,"Men"
"male_teams.csv",1524,"Start","Eliteserien","Norway",63,2500000,"Men"
"male_teams.csv",1530,"Angers SCO","Ligue 1","France",72,45000000,"Men"
"male_teams.csv",1571,"Galway United","Premier Division","Republic of Ireland",52,975000,"Men"
"male_teams.csv",1572,"Drogheda United","Premier Division","Republic of Ireland",56,945000,"Men"
"male_teams.csv",1586,"Longford Town","Premier Division","Republic of Ireland",54,935000,"Men"
"male_teams.csv",1596,"GIF Sundsvall","Allsvenskan","Sweden",60,4500000,"Men"
"male_teams.csv",1598,"Bahia","Serie A","Brazil",71,20000000,"Men"
"male_teams.csv",1629,"Grêmio","Serie A","Brazil",73,45000000,"Men"
"male_teams.csv",1713,"Winterthur","Super League","Switzerland",63,5500000,"Men"
"male_teams.csv",1719,"Vitória","Serie A","Brazil",71,9500000,"Men"
"male_teams.csv",1746,"Empoli","Serie A","Italy",73,50000000,"Men"
"male_teams.csv",1755,"Aalesund","Eliteserien","Norway",62,4200000,"Men"
"male_teams.csv",1756,"HamKam","Eliteserien","Norway",61,3200000,"Men"
"male_teams.csv",1757,"Sandefjord","Eliteserien","Norway",62,2900000,"Men"
"male_teams.csv",1809,"Toulouse","Ligue 1","France",72,40000000,"Men"
"male_teams.csv",1815,"Clermont","Ligue 1","France",70,35000000,"Men"
"male_teams.csv",1819,"Saint-Étienne","Ligue 2","France",70,45000000,"Men"
"male_teams.csv",1824,"Eintracht Frankfurt","Bundesliga","Germany",78,269800000,"Men"
"male_teams.csv",1829,"VfB Lübeck","3. Liga","Germany",62,2900000,"Men"
"male_teams.csv",1831,"FC Union Berlin","Bundesliga","Germany",75,95500000,"Men"
"male_teams.csv",1837,"Sampdoria","Serie A","Italy",73,152000000,"Men"
"male_teams.csv",1842,"Cagliari","Serie B","Italy",70,85000000,"Men"
"male_teams.csv",1853,"Levante","La Liga 2","Spain",73,49000000,"Men"
"male_teams.csv",1860,"Getafe","La Liga","Spain",77,45000000,"Men"
"male_teams.csv",1861,"Almería","La Liga","Spain",74,47000000,"Men"
"male_teams.csv",1874,"Ferencváros","NB I.","Hungary",71,43000000,"Men"
"male_teams.csv",1876,"River Plate","Liga Profesional","Argentina",76,240000000,"Men"
"male_teams.csv",1877,"Boca Juniors","Liga Profesional","Argentina",75,199400000,"Men"
"male_teams.csv",1878,"Cruz Azul","Liga MX","Mexico",73,110000000,"Men"
"male_teams.csv",1879,"América","Liga MX","Mexico",74,200000000,"Men"
"male_teams.csv",1880,"Guadalajara","Liga MX","Mexico",70,105000000,"Men"
"male_teams.csv",1881,"Pumas UNAM","Liga MX","Mexico",70,100000000,"Men"
"male_teams.csv",1882,"Toluca","Liga MX","Mexico",71,52000000,"Men"
"male_teams.csv",1884,"Panathinaikos","Super League","Greece",73,45000000,"Men"
"male_teams.csv",1887,"Vitória SC","Liga Portugal","Portugal",70,40500000,"Men"
"male_teams.csv",1888,"Gil Vicente","Liga Portugal","Portugal",71,7000000,"Men"
"male_teams.csv",1893,"Marítimo","Liga Portugal","Portugal",70,14500000,"Men"
"male_teams.csv",1896,"Sporting Braga","Liga Portugal","Portugal",76,100000000,"Men"
"male_teams.csv",1898,"Boavista","Liga Portugal","Portugal",70,9500000,"Men"
"male_teams.csv",1903,"FC Utrecht","Eredivisie","Netherlands",71,62100000,"Men"
"male_teams.csv",1906,"AZ","Eredivisie","Netherlands",74,96500000,"Men"
"male_teams.csv",1908,"FC Twente","Eredivisie","Netherlands",71,55600000,"Men"
"male_teams.csv",1947,"Wrexham","National League","Wales",62,2500000,"Men"
"male_teams.csv",1968,"Cádiz","La Liga","Spain",74,5000000,"Men"
"male_teams.csv",1970,"Tigres UANL","Liga MX","Mexico",76,190000000,"Men"
"male_teams.csv",2014,"Union Saint-Gilloise","Jupiler Pro League","Belgium",71,18000000,"Men"
"male_teams.csv",2055,"Sangju Sangmu","K League 1","Korea Republic",60,16600000,"Men"
"male_teams.csv",10029,"TSG Hoffenheim","Bundesliga","Germany",76,331100000,"Men"
"male_teams.csv",15001,"Lyngby","Superliga","Denmark",63,3600000,"Men"
"male_teams.csv",100409,"FC Augsburg","Bundesliga","Germany",74,141300000,"Men"
"male_teams.csv",100424,"FC Rot-Weiß Erfurt","3. Liga","Germany",63,4000000,"Men"
"male_teams.csv",100757,"Dinamo Bucureşti","Liga 1","Romania",63,2200000,"Men"
"male_teams.csv",100765,"Lokomotiv Moskva","Premier League","Russia",72,120000000,"Men"
"male_teams.csv",100767,"Spartak Moskva","Premier League","Russia",73,200000000,"Men"
"male_teams.csv",100769,"Zenit St. Petersburg","Premier League","Russia",77,350000000,"Men"
"male_teams.csv",101007,"Ankaragücü","Super Lig","Turkey",71,4000000,"Men"
"male_teams.csv",101008,"Ankaraspor","Super Lig","Turkey",73,15000000,"Men"
"male_teams.csv",101014,"İstanbul Başakşehir","Super Lig","Turkey",73,20000000,"Men"
"male_teams.csv",101016,"Adana Demirspor","Super Lig","Turkey",71,14600000,"Men"
"male_teams.csv",101024,"Gaziantepspor","Super Lig","Turkey",70,30000000,"Men"
"male_teams.csv",101026,"Göztepe","Super Lig","Turkey",70,35000000,"Men"
"male_teams.csv",101037,"Rizespor","Super Lig","Turkey",70,26200000,"Men"
"male_teams.csv",101047,"Dynamo Kyiv","Premier League","Ukraine",73,100000000,"Men"
"male_teams.csv",101059,"Shakhtar Donetsk","Premier League","Ukraine",71,160000000,"Men"
"male_teams.csv",101083,"Estudiantes","Liga Profesional","Argentina",71,90500000,"Men"
"male_teams.csv",101085,"Racing Club","Liga Profesional","Argentina",74,78100000,"Men"
"male_teams.csv",101088,"Vélez Sarsfield","Liga Profesional","Argentina",72,70000000,"Men"
"male_teams.csv",101097,"Audax Italiano","Primera Division","Chile",63,18000000,"Men"
"male_teams.csv",101099,"América de Cali","Liga BetPlay","Colombia",70,28500000,"Men"
"male_teams.csv",101100,"Atlético Nacional","Liga BetPlay","Colombia",70,46500000,"Men"
"male_teams.csv",101114,"Atlas","Liga MX","Mexico",71,40000000,"Men"
"male_teams.csv",110062,"Girona","La Liga","Spain",75,8000000,"Men"
"male_teams.csv",110093,"Independiente","Liga Profesional","Argentina",70,182300000,"Men"
"male_teams.csv",110109,"Terek Grozny","Premier League","Russia",71,70000000,"Men"
"male_teams.csv",110144,"Santos Laguna","Liga MX","Mexico",71,50000000,"Men"
"male_teams.csv",110145,"Veracruz","Liga MX","Mexico",63,8000000,"Men"
"male_teams.csv",110147,"Pachuca","Liga MX","Mexico",71,40000000,"Men"
"male_teams.csv",110152,"Puebla","Liga MX","Mexico",70,29000000,"Men"
"male_teams.csv",110194,"Bayreuth","3. Liga","Germany",62,2000000,"Men"
"male_teams.csv",110227,"Rubin Kazan","Premier League","Russia",71,200000000,"Men"
"male_teams.csv",110231,"FC Rostov","Premier League","Russia",71,35000000,"Men"
"male_teams.csv",110233,"FC Tom Tomsk","Premier League","Russia",63,15000000,"Men"
"male_teams.csv",110373,"Salernitana","Serie A","Italy",74,70000000,"Men"
"male_teams.csv",110374,"Fiorentina","Serie A","Italy",77,222000000,"Men"
"male_teams.csv",110394,"Arsenal de Sarandi","Liga Profesional","Argentina",63,7500000,"Men"
"male_teams.csv",110395,"Lanús","Liga Profesional","Argentina",71,54700000,"Men"
"male_teams.csv",110396,"Newell's Old Boys","Liga Profesional","Argentina",70,24000000,"Men"
"male_teams.csv",110405,"Chacarita Juniors","Liga Profesional","Argentina",63,5000000,"Men"
"male_teams.csv",110406,"Colón","Liga Profesional","Argentina",71,23500000,"Men"
"male_teams.csv",110468,"Viktoria Plzeň","Fortuna Liga","Czech Republic",73,40000000,"Men"
"male_teams.csv",110482,"Hallescher FC","3. Liga","Germany",63,4900000,"Men"
"male_teams.csv",110501,"Verl","3. Liga","Germany",63,2300000,"Men"
"male_teams.csv",110502,"Darmstadt 98","2. Bundesliga","Germany",70,20000000,"Men"
"male_teams.csv",110556,"Genoa","Serie B","Italy",72,75000000,"Men"
"male_teams.csv",110565,"Górnik Łęczna","Ekstraklasa","Poland",63,3800000,"Men"
"male_teams.csv",110587,"VfB Oldenburg","3. Liga","Germany",63,1900000,"Men"
"male_teams.csv",110591,"Carl Zeiss Jena","3. Liga","Germany",63,2200000,"Men"
"male_teams.csv",110636,"Fortuna Düsseldorf","2. Bundesliga","Germany",70,54300000,"Men"
"male_teams.csv",110676,"Borussia Dortmund II","3. Liga","Germany",63,5500000,"Men"
"male_teams.csv",110678,"Havelse","3. Liga","Germany",62,1700000,"Men"
"male_teams.csv",110679,"Bayern München II","3. Liga","Germany",63,15000000,"Men"
"male_teams.csv",110691,"Freiburg II","3. Liga","Germany",62,4900000,"Men"
"male_teams.csv",110694,"SV Werder Bremen II","3. Liga","Germany",62,2500000,"Men"
"male_teams.csv",110741,"Spezia","Serie A","Italy",72,76000000,"Men"
"male_teams.csv",110752,"Botoşani","Liga 1","Romania",63,4600000,"Men"
"male_teams.csv",110756,"Arsenal Tula","Premier League","Russia",70,10000000,"Men"
"male_teams.csv",110781,"León","Liga MX","Mexico",73,35000000,"Men"
"male_teams.csv",110815,"CSM Iaşi","Liga 1","Romania",62,2100000,"Men"
"male_teams.csv",110822,"FC Ufa","Premier League","Russia",70,18000000,"Men"
"male_teams.csv",110832,"Granada","La Liga 2","Spain",72,55000000,"Men"
"male_teams.csv",110854,"CF Reus Deportiu","La Liga 2","Spain",61,2500000,"Men"
"male_teams.csv",110915,"Cesena","Serie B","Italy",63,29000000,"Men"
"male_teams.csv",110935,"Mamelodi Sundowns","Premier League","South Africa",70,20300000,"Men"
"male_teams.csv",110967,"Blooming","Liga De Futbol Prof","Bolivia",60,3200000,"Men"
"male_teams.csv",110970,"Oriente Petrolero","Liga De Futbol Prof","Bolivia",63,11200000,"Men"
"male_teams.csv",110986,"LDU Quito","Liga Pro","Ecuador",70,32000000,"Men"
"male_teams.csv",110992,"Mineros de Guayana","Primera Division","Venezuela",62,2100000,"Men"
"male_teams.csv",111006,"Sportivo Luqueño","Primera División","Paraguay",62,2100000,"Men"
"male_teams.csv",111008,"Libertad","Primera División","Paraguay",70,52600000,"Men"
"male_teams.csv",111016,"Sport Boys","Primera Division","Peru",63,11500000,"Men"
"male_teams.csv",111019,"Argentinos Juniors","Liga Profesional","Argentina",70,16500000,"Men"
"male_teams.csv",111041,"Juventude","Serie A","Brazil",70,5600000,"Men"
"male_teams.csv",111043,"Ponte Preta","Serie A","Brazil",70,4800000,"Men"
"male_teams.csv",111044,"Coritiba","Serie A","Brazil",70,21000000,"Men"
"male_teams.csv",111045,"Figueirense","Serie A","Brazil",70,6000000,"Men"
"male_teams.csv",111048,"Paraná","Serie A","Brazil",70,1300000,"Men"
"male_teams.csv",111052,"Fortaleza","Serie A","Brazil",71,4400000,"Men"
"male_teams.csv",111057,"Sport Club do Recife","Serie A","Brazil",70,8300000,"Men"
"male_teams.csv",111058,"Santa Cruz","Serie A","Brazil",70,4100000,"Men"
"male_teams.csv",111059,"Ceará","Serie A","Brazil",72,6300000,"Men"
"male_teams.csv",111083,"Korona Kielce","Ekstraklasa","Poland",63,3400000,"Men"
"male_teams.csv",111085,"ŁKS Łódź","Ekstraklasa","Poland",62,7000000,"Men"
"male_teams.csv",111087,"Podbeskidzie","Ekstraklasa","Poland",63,1800000,"Men"
"male_teams.csv",111089,"Zagłębie Sosnowiec","Ekstraklasa","Poland",63,4500000,"Men"
"male_teams.csv",111131,"Finn Harps","Premier Division","Republic of Ireland",57,940000,"Men"
"male_teams.csv",111132,"UCD","Premier Division","Republic of Ireland",54,935000,"Men"
"male_teams.csv",111140,"Portland Timbers","Major League Soccer","United States",70,351000000,"Men"
"male_teams.csv",111144,"Seattle Sounders","Major League Soccer","United States",70,364500000,"Men"
"male_teams.csv",111277,"Gefle IF","Allsvenskan","Sweden",59,3600000,"Men"
"male_teams.csv",111285,"Limerick FC","Premier Division","Republic of Ireland",55,1000000,"Men"
"male_teams.csv",111329,"Guaraní","Primera División","Paraguay",63,5000000,"Men"
"male_teams.csv",111331,"El Nacional","Liga Pro","Ecuador",63,3700000,"Men"
"male_teams.csv",111339,"Kasımpaşa","Super Lig","Turkey",70,10000000,"Men"
"male_teams.csv",111340,"Akhisar Belediyespor","Super Lig","Turkey",70,12000000,"Men"
"male_teams.csv",111379,"Sonnenhof Großaspach","3. Liga","Germany",63,4200000,"Men"
"male_teams.csv",111395,"Brisbane Roar","A-League","Australia",61,11000000,"Men"
"male_teams.csv",111396,"Central Coast Mariners","A-League","Australia",63,5500000,"Men"
"male_teams.csv",111398,"Newcastle Jets","A-League","Australia",63,7000000,"Men"
"male_teams.csv",111399,"Perth Glory","A-League","Australia",63,8700000,"Men"
"male_teams.csv",111434,"Cremonese","Serie A","Italy",72,38000000,"Men"
"male_teams.csv",111629,"East Bengal","Super League","India",57,3400000,"Men"
"male_teams.csv",111674,"Al Shabab","Pro League","Saudi Arabia",71,45500000,"Men"
"male_teams.csv",111678,"Tijuana","Liga MX","Mexico",71,34000000,"Men"
"male_teams.csv",111705,"IF Brommapojkarna","Allsvenskan","Sweden",60,1500000,"Men"
"male_teams.csv",111710,"Defensa y Justicia","Liga Profesional","Argentina",70,18100000,"Men"
"male_teams.csv",111715,"Tigre","Liga Profesional","Argentina",70,8000000,"Men"
"male_teams.csv",111730,"Kawasaki Frontale","J-League","Japan",70,50000000,"Men"
"male_teams.csv",111774,"Tianjin Teda","Super League","China PR",61,5500000,"Men"
"male_teams.csv",111811,"Monza","Serie A","Italy",75,45000000,"Men"
"male_teams.csv",111839,"Guangzhou Evergrande","Super League","China PR",61,3700000,"Men"
"male_teams.csv",111968,"Wexford Youths","Premier Division","Republic of Ireland",53,1000000,"Men"
"male_teams.csv",111974,"Sassuolo","Serie A","Italy",75,110000000,"Men"
"male_teams.csv",111976,"Avaí","Serie A","Brazil",70,3200000,"Men"
"male_teams.csv",112001,"América Mineiro","Serie A","Brazil",70,3300000,"Men"
"male_teams.csv",112019,"Boyacá Chicó FC","Liga BetPlay","Colombia",62,3500000,"Men"
"male_teams.csv",112026,"Benevento","Serie B","Italy",70,32000000,"Men"
"male_teams.csv",112072,"Mjällby","Allsvenskan","Sweden",60,2600000,"Men"
"male_teams.csv",112080,"Sol de América","Primera División","Paraguay",63,11500000,"Men"
"male_teams.csv",112119,"Atlético GO","Serie A","Brazil",72,3800000,"Men"
"male_teams.csv",112126,"Värnamo","Allsvenskan","Sweden",62,2500000,"Men"
"male_teams.csv",112130,"Jönköpings Södra IF","Allsvenskan","Sweden",61,3500000,"Men"
"male_teams.csv",112134,"Philadelphia Union","Major League Soccer","United States",70,216000000,"Men"
"male_teams.csv",112139,"Al Nassr","Pro League","Saudi Arabia",73,99800000,"Men"
"male_teams.csv",112162,"Jiangsu Suning","Super League","China PR",62,29600000,"Men"
"male_teams.csv",112163,"Hangzhou","Super League","China PR",63,4900000,"Men"
"male_teams.csv",112165,"Chongqing Dangdai Lifan","Super League","China PR",56,10100000,"Men"
"male_teams.csv",112169,"Falkenberg","Allsvenskan","Sweden",61,3500000,"Men"
"male_teams.csv",112171,"AFC Eskilstuna","Allsvenskan","Sweden",60,2400000,"Men"
"male_teams.csv",112172,"RB Leipzig","Bundesliga","Germany",81,491200000,"Men"
"male_teams.csv",112199,"Sarpsborg 08","Eliteserien","Norway",63,6300000,"Men"
"male_teams.csv",112200,"Ranheim","Eliteserien","Norway",62,4200000,"Men"
"male_teams.csv",112218,"FC Krasnodar","Premier League","Russia",76,180000000,"Men"
"male_teams.csv",112254,"Newport County","League Two","Wales",61,3300000,"Men"
"male_teams.csv",112345,"Omiya Ardija","J-League","Japan",62,10000000,"Men"
"male_teams.csv",112378,"Dalian Professional","Super League","China PR",60,2800000,"Men"
"male_teams.csv",112420,"Mjøndalen","Eliteserien","Norway",60,2800000,"Men"
"male_teams.csv",112425,"Hobro","Superliga","Denmark",63,4100000,"Men"
"male_teams.csv",112429,"Guangzhou R&F","Super League","China PR",61,5700000,"Men"
"male_teams.csv",112448,"V-Varen Nagasaki","J-League","Japan",62,10700000,"Men"
"male_teams.csv",112472,"Bragantino","Serie A","Brazil",74,18000000,"Men"
"male_teams.csv",112528,"Atlético Huila","Liga BetPlay","Colombia",62,4000000,"Men"
"male_teams.csv",112533,"Antofagasta","Primera Division","Chile",63,10300000,"Men"
"male_teams.csv",112535,"Unión La Calera","Primera Division","Chile",62,14500000,"Men"
"male_teams.csv",112537,"Beijing Renhe","Super League","China PR",58,11200000,"Men"
"male_teams.csv",112541,"Wuhan Zall","Super League","China PR",61,4800000,"Men"
"male_teams.csv",112637,"Gaz Metan Mediaş","Liga 1","Romania",55,3900000,"Men"
"male_teams.csv",112668,"San Luis de Quillota","Primera Division","Chile",60,5000000,"Men"
"male_teams.csv",112670,"Talleres Córdoba","Liga Profesional","Argentina",71,20000000,"Men"
"male_teams.csv",112715,"Unión Magdalena","Liga BetPlay","Colombia",61,6300000,"Men"
"male_teams.csv",112809,"Famalicão","Liga Portugal","Portugal",70,15000000,"Men"
"male_teams.csv",112834,"Fortaleza CEIF","Liga BetPlay","Colombia",59,2500000,"Men"
"male_teams.csv",112885,"Atlanta United","Major League Soccer","United States",70,450000000,"Men"
"male_teams.csv",112906,"Albirex Niigata","J-League","Japan",60,11400000,"Men"
"male_teams.csv",112912,"Zamora Fútbol Club","Primera Division","Venezuela",61,1600000,"Men"
"male_teams.csv",112916,"Aragua","Primera Division","Venezuela",62,1600000,"Men"
"male_teams.csv",112934,"Cortuluá","Liga BetPlay","Colombia",62,3600000,"Men"
"male_teams.csv",112961,"Qingdao Hainiu","Super League","China PR",57,7800000,"Men"
"male_teams.csv",112968,"Tigres FC","Liga BetPlay","Colombia",61,3700000,"Men"
"male_teams.csv",112970,"Itagüí Leones FC","Liga BetPlay","Colombia",60,3000000,"Men"
"male_teams.csv",112977,"Guizhou Zhicheng FC","Super League","China PR",63,40000000,"Men"
"male_teams.csv",112978,"Hebei CFFC","Super League","China PR",55,2300000,"Men"
"male_teams.csv",112983,"Tianjin Quanjian","Super League","China PR",60,14800000,"Men"
"male_teams.csv",112985,"Shijiazhuang Ever Bright","Super League","China PR",61,3900000,"Men"
"male_teams.csv",112990,"Al Batin","Pro League","Saudi Arabia",63,4000000,"Men"
"male_teams.csv",112996,"Los Angeles FC","Major League Soccer","United States",73,427500000,"Men"
"male_teams.csv",113040,"NorthEast United","Super League","India",57,1600000,"Men"
"male_teams.csv",113142,"Alanyaspor","Super Lig","Turkey",71,10100000,"Men"
"male_teams.csv",113146,"ATK Mohun Bagan","Super League","India",63,6500000,"Men"
"male_teams.csv",113162,"Ventforet Kofu","J-League","Japan",61,8200000,"Men"
"male_teams.csv",113173,"Östersunds FK","Allsvenskan","Sweden",61,5300000,"Men"
"male_teams.csv",113257,"Odisha FC","Super League","India",58,1500000,"Men"
"male_teams.csv",113297,"Chennaiyin","Super League","India",59,3000000,"Men"
"male_teams.csv",113298,"Goa","Super League","India",60,2500000,"Men"
"male_teams.csv",113299,"Kerala Blasters","Super League","India",61,4000000,"Men"
"male_teams.csv",113300,"Mumbai City","Super League","India",62,6000000,"Men"
"male_teams.csv",113301,"Hyderabad","Super League","India",61,1800000,"Men"
"male_teams.csv",113302,"Bengaluru","Super League","India",61,4000000,"Men"
"male_teams.csv",113380,"Mioveni","Liga 1","Romania",62,2300000,"Men"
"male_teams.csv",113391,"Academica Clinceni","Liga 1","Romania",60,2200000,"Men"
"male_teams.csv",113458,"Sirius","Allsvenskan","Sweden",63,3200000,"Men"
"male_teams.csv",113459,"Kristiansund","Eliteserien","Norway",62,4100000,"Men"
"male_teams.csv",113677,"CSA","Serie A","Brazil",71,8500000,"Men"
"male_teams.csv",113720,"FC Helsingør","Superliga","Denmark",59,2800000,"Men"
"male_teams.csv",113743,"Varberg BoIS","Allsvenskan","Sweden",61,2800000,"Men"
"male_teams.csv",113876,"Dalkurd FF","Allsvenskan","Sweden",60,2100000,"Men"
"male_teams.csv",113892,"Degerfors","Allsvenskan","Sweden",62,2700000,"Men"
"male_teams.csv",114168,"Jamshedpur","Super League","India",58,1600000,"Men"
"male_teams.csv",114398,"Türkgücü-Ataspor","3. Liga","Germany",62,3900000,"Men"
"male_teams.csv",114510,"Casa Pia","Liga Portugal","Portugal",70,5500000,"Men"
"male_teams.csv",114578,"Macará","Liga Pro","Ecuador",63,4000000,"Men"
"male_teams.csv",114598,"Atlético Grau","Primera Division","Peru",62,2000000,"Men"
"male_teams.csv",114600,"Guabirá","Liga De Futbol Prof","Bolivia",63,4000000,"Men"
"male_teams.csv",114604,"Macarthur","A-League","Australia",63,8600000,"Men"
"male_teams.csv",114611,"Academia Puerto Cabello","Primera Division","Venezuela",61,3200000,"Men"
"male_teams.csv",114623,"Llaneros de Guanare","Primera Division","Venezuela",60,1000000,"Men"
"male_teams.csv",114628,"Meizhou Hakka","Super League","China PR",60,6400000,"Men"
"male_teams.csv",115358,"Municipal Vinto","Liga De Futbol Prof","Bolivia",63,1500000,"Men"
"male_teams.csv",115489,"Jerv","Eliteserien","Norway",61,2100000,"Men"
"male_teams.csv",115530,"Cuiabá","Serie A","Brazil",70,4800000,"Men"
"male_teams.csv",115535,"Rentistas","Primera Division","Uruguay",63,2400000,"Men"
"male_teams.csv",115820,"Viktoria Berlin","3. Liga","Germany",63,2300000,"Men"
"male_teams.csv",116007,"General Caballero JLM","Primera División","Paraguay",63,3500000,"Men"
"male_teams.csv",116360,"Chengdu Qianbao","Super League","China PR",63,5200000,"Men"
"male_teams.csv",83,"Motherwell","Premiership","Scotland",65,3800000,"Men"
"male_teams.csv",212,"Châteauroux","Ligue 2","France",65,8000000,"Men"
"male_teams.csv",420,"Górnik Zabrze","Ekstraklasa","Poland",65,5900000,"Men"
"male_teams.csv",506,"Erzgebirge Aue","3. Liga","Germany",65,9300000,"Men"
"male_teams.csv",550,"VfR Aalen","3. Liga","Germany",65,4100000,"Men"
"male_teams.csv",620,"Inverness Caledonian Thistle","Premiership","Scotland",65,5600000,"Men"
"male_teams.csv",645,"FC Volendam","Eredivisie","Netherlands",65,13000000,"Men"
"male_teams.csv",708,"Hammarby","Allsvenskan","Sweden",65,14900000,"Men"
"male_teams.csv",780,"Ried","Bundesliga","Austria",65,10000000,"Men"
"male_teams.csv",822,"Vejle","Superliga","Denmark",65,3300000,"Men"
"male_teams.csv",1443,"Viborg","Superliga","Denmark",65,5100000,"Men"
"male_teams.csv",1569,"Wisła Płock","Ekstraklasa","Poland",65,4300000,"Men"
"male_teams.csv",1787,"Austria Klagenfurt","Bundesliga","Austria",65,8500000,"Men"
"male_teams.csv",1823,"Nancy","Ligue 2","France",65,14000000,"Men"
"male_teams.csv",1873,"Wisła Kraków","Ekstraklasa","Poland",65,6000000,"Men"
"male_teams.csv",1971,"Excelsior","Eredivisie","Netherlands",65,11300000,"Men"
"male_teams.csv",2045,"FC Wacker Innsbruck","Bundesliga","Austria",65,1500000,"Men"
"male_teams.csv",15040,"Wattens","Bundesliga","Austria",65,10000000,"Men"
"male_teams.csv",100804,"St. Johnstone","Premiership","Scotland",65,4400000,"Men"
"male_teams.csv",100831,"Alcorcón","La Liga 2","Spain",65,2500000,"Men"
"male_teams.csv",101105,"Millonarios","Liga BetPlay","Colombia",65,22500000,"Men"
"male_teams.csv",101145,"Kashiwa Reysol","J-League","Japan",65,35000000,"Men"
"male_teams.csv",110321,"Pau","Ligue 2","France",65,8500000,"Men"
"male_teams.csv",110398,"Club Olimpo","Liga Profesional","Argentina",65,5000000,"Men"
"male_teams.csv",110532,"Waldhof Mannheim","3. Liga","Germany",65,3800000,"Men"
"male_teams.csv",110581,"Patronato","Liga Profesional","Argentina",65,4800000,"Men"
"male_teams.csv",110645,"Viktoria Köln","3. Liga","Germany",65,4400000,"Men"
"male_teams.csv",110745,"Jagiellonia Białystok","Ekstraklasa","Poland",65,6200000,"Men"
"male_teams.csv",110747,"Cracovia Kraków","Ekstraklasa","Poland",65,6400000,"Men"
"male_teams.csv",110749,"Zagłębie Lubin","Ekstraklasa","Poland",65,6900000,"Men"
"male_teams.csv",110750,"UTA Arad","Liga 1","Romania",65,3600000,"Men"
"male_teams.csv",110751,"Universitatea Cluj","Liga 1","Romania",65,2100000,"Men"
"male_teams.csv",110955,"Shanghai Shenhua","Super League","China PR",65,9400000,"Men"
"male_teams.csv",110976,"Santiago Wanderers","Primera Division","Chile",65,16000000,"Men"
"male_teams.csv",110977,"Unión Española","Primera Division","Chile",65,15500000,"Men"
"male_teams.csv",111007,"12 de Octubre","Primera División","Paraguay",65,3600000,"Men"
"male_teams.csv",111082,"Arka Gdynia","Ekstraklasa","Poland",65,9500000,"Men"
"male_teams.csv",111088,"Radomiak Radom","Ekstraklasa","Poland",65,4500000,"Men"
"male_teams.csv",111092,"Śląsk Wrocław","Ekstraklasa","Poland",65,6200000,"Men"
"male_teams.csv",111276,"Dunkerque","Ligue 2","France",65,7000000,"Men"
"male_teams.csv",111588,"Gyeongnam","K League 1","Korea Republic",65,10200000,"Men"
"male_teams.csv",111773,"Shenzhen","Super League","China PR",65,11500000,"Men"
"male_teams.csv",112075,"St. Pölten","Bundesliga","Austria",65,10000000,"Men"
"male_teams.csv",112115,"Gangwon","K League 1","Korea Republic",65,13000000,"Men"
"male_teams.csv",112487,"Latina","Serie B","Italy",65,14000000,"Men"
"male_teams.csv",112526,"Envigado","Liga BetPlay","Colombia",65,3600000,"Men"
"male_teams.csv",112527,"Patriotas Boyacá","Liga BetPlay","Colombia",65,3900000,"Men"
"male_teams.csv",112552,"Quevilly Rouen","Ligue 2","France",65,7000000,"Men"
"male_teams.csv",112572,"Al Tai","Pro League","Saudi Arabia",65,3400000,"Men"
"male_teams.csv",112579,"Alianza Petrolera","Liga BetPlay","Colombia",65,3600000,"Men"
"male_teams.csv",112655,"Curicó Unido","Primera Division","Chile",65,5500000,"Men"
"male_teams.csv",112695,"RFC Seraing","Jupiler Pro League","Belgium",65,2500000,"Men"
"male_teams.csv",112836,"Vegalta Sendai","J-League","Japan",65,22000000,"Men"
"male_teams.csv",112847,"Astra","Liga 1","Romania",65,2500000,"Men"
"male_teams.csv",112853,"Deportivo La Guaira","Primera Division","Venezuela",65,7200000,"Men"
"male_teams.csv",112903,"Jaguares de Córdoba","Liga BetPlay","Colombia",65,3800000,"Men"
"male_teams.csv",112904,"Club Atlético Temperley","Liga Profesional","Argentina",65,5000000,"Men"
"male_teams.csv",112914,"Metropolitanos","Primera Division","Venezuela",65,10500000,"Men"
"male_teams.csv",112992,"Atlético Bucaramanga","Liga BetPlay","Colombia",65,3500000,"Men"
"male_teams.csv",113160,"Sagan Tosu","J-League","Japan",65,35000000,"Men"
"male_teams.csv",113161,"Shonan Bellmare","J-League","Japan",65,25000000,"Men"
"male_teams.csv",113182,"Voluntari","Liga 1","Romania",65,3300000,"Men"
"male_teams.csv",113183,"Oita Trinita","J-League","Japan",65,20000000,"Men"
"male_teams.csv",113219,"Ohod Club","Pro League","Saudi Arabia",65,2800000,"Men"
"male_teams.csv",113948,"AS Béziers","Ligue 2","Austria",65,7000000,"Men"
"male_teams.csv",114147,"Hermannstadt","Liga 1","Romania",65,2500000,"Men"
"male_teams.csv",114577,"Always Ready","Liga De Futbol Prof","Bolivia",65,10700000,"Men"
"male_teams.csv",114617,"UTC Cajamarca","Primera Division","Peru",65,5400000,"Men"
"male_teams.csv",114688,"Guaireña","Primera División","Paraguay",65,7000000,"Men"
"male_teams.csv",115517,"Independiente Petrolero","Liga De Futbol Prof","Bolivia",65,7000000,"Men"
"male_teams.csv",115716,"U Craiova 1948","Liga 1","Romania",65,3500000,"Men"
"male_teams.csv",62,"Guingamp","Ligue 2","France",67,20000000,"Men"
"male_teams.csv",81,"Hibernian","Premiership","Scotland",67,8300000,"Men"
"male_teams.csv",199,"Perugia","Serie B","Italy",67,16000000,"Men"
"male_teams.csv",224,"Nîmes","Ligue 2","France",67,18000000,"Men"
"male_teams.csv",256,"Austria Wien","Bundesliga","Austria",67,39000000,"Men"
"male_teams.csv",271,"AGF","Superliga","Denmark",67,10700000,"Men"
"male_teams.csv",298,"Rosenborg","Eliteserien","Norway",67,25500000,"Men"
"male_teams.csv",456,"Racing Santander","La Liga 2","Spain",67,4400000,"Men"
"male_teams.csv",476,"UD Logroñés","La Liga 2","Spain",67,3000000,"Men"
"male_teams.csv",666,"Desportivo Aves","Liga Portugal","Portugal",67,3100000,"Men"
"male_teams.csv",675,"Beerschot","Jupiler Pro League","Belgium",67,20000000,"Men"
"male_teams.csv",694,"Colorado Rapids","Major League Soccer","United States",67,171000000,"Men"
"male_teams.csv",711,"Häcken","Allsvenskan","Sweden",67,11600000,"Men"
"male_teams.csv",897,"Luzern","Super League","Switzerland",67,12000000,"Men"
"male_teams.csv",982,"Seoul","K League 1","Korea Republic",67,16800000,"Men"
"male_teams.csv",983,"Suwon Bluewings","K League 1","Korea Republic",67,12300000,"Men"
"male_teams.csv",1457,"Denizlispor","Super Lig","Turkey",67,6500000,"Men"
"male_teams.csv",1786,"Randers","Superliga","Denmark",67,5500000,"Men"
"male_teams.csv",1816,"Amiens SC","Ligue 2","France",67,13000000,"Men"
"male_teams.csv",1844,"Livorno","Serie B","Italy",67,20000000,"Men"
"male_teams.csv",1854,"Albacete","La Liga 2","Spain",67,2500000,"Men"
"male_teams.csv",1867,"Córdoba CF","La Liga 2","Spain",67,5300000,"Men"
"male_teams.csv",1902,"Roda JC Kerkrade","Eredivisie","Netherlands",67,3500000,"Men"
"male_teams.csv",1904,"NAC Breda","Eredivisie","Netherlands",67,28000000,"Men"
"male_teams.csv",1907,"Willem II","Eredivisie","Netherlands",67,32000000,"Men"
"male_teams.csv",1915,"FC Groningen","Eredivisie","Netherlands",67,47400000,"Men"
"male_teams.csv",2013,"AS Eupen","Jupiler Pro League","Belgium",67,20000000,"Men"
"male_teams.csv",2026,"Lorca FC","La Liga 2","Spain",67,2500000,"Men"
"male_teams.csv",10032,"Lugano","Super League","Switzerland",67,7600000,"Men"
"male_teams.csv",100634,"Heracles Almelo","Eredivisie","Netherlands",67,36000000,"Men"
"male_teams.csv",100646,"Sparta Rotterdam","Eredivisie","Netherlands",67,20000000,"Men"
"male_teams.csv",100651,"VVV-Venlo","Eredivisie","Netherlands",67,13000000,"Men"
"male_teams.csv",101006,"Altay","Super Lig","Turkey",67,10600000,"Men"
"male_teams.csv",101149,"Shimizu S-Pulse","J-League","Japan",67,33000000,"Men"
"male_teams.csv",101150,"Tokyo","J-League","Japan",67,40000000,"Men"
"male_teams.csv",110065,"Fuenlabrada","La Liga 2","Spain",67,2500000,"Men"
"male_teams.csv",110101,"SKA Khabarovsk","Premier League","Russia",67,5000000,"Men"
"male_teams.csv",110326,"Tours FC","Ligue 2","France",67,8700000,"Men"
"male_teams.csv",110588,"Magdeburg","2. Bundesliga","Germany",67,9500000,"Men"
"male_teams.csv",110714,"Sevilla Atlético","La Liga 2","Spain",67,4600000,"Men"
"male_teams.csv",110746,"Pogoń Szczecin","Ekstraklasa","Poland",67,7900000,"Men"
"male_teams.csv",110831,"Lugo","La Liga 2","Spain",67,2600000,"Men"
"male_teams.csv",110913,"Waasland-Beveren","Jupiler Pro League","Belgium",67,15000000,"Men"
"male_teams.csv",110984,"Emelec","Liga Pro","Ecuador",67,34000000,"Men"
"male_teams.csv",111010,"Alianza Lima","Primera Division","Peru",67,19500000,"Men"
"male_teams.csv",111011,"Cienciano","Primera Division","Peru",67,12500000,"Men"
"male_teams.csv",111014,"Universitario","Primera Division","Peru",67,8500000,"Men"
"male_teams.csv",111139,"Montreal Impact","Major League Soccer","Canada",67,189000000,"Men"
"male_teams.csv",111328,"Palestino","Primera Division","Chile",67,8500000,"Men"
"male_teams.csv",111397,"Melbourne Victory","A-League","Australia",67,11500000,"Men"
"male_teams.csv",111713,"San Martín de San Juan","Liga Profesional","Argentina",67,7500000,"Men"
"male_teams.csv",111714,"San Martin de Tucumán","Liga Profesional","Argentina",67,6500000,"Men"
"male_teams.csv",112096,"Al Ittifaq","Pro League","Saudi Arabia",67,10500000,"Men"
"male_teams.csv",112116,"O'Higgins","Primera Division","Chile",67,14500000,"Men"
"male_teams.csv",112120,"Giresunspor","Super Lig","Turkey",67,3100000,"Men"
"male_teams.csv",112124,"Juve Stabia","Serie B","Italy",67,9000000,"Men"
"male_teams.csv",112168,"Cosenza","Serie B","Italy",67,12000000,"Men"
"male_teams.csv",112224,"Melbourne City","A-League","Australia",67,12900000,"Men"
"male_teams.csv",112225,"Novara Calcio","Serie B","Italy",67,16000000,"Men"
"male_teams.csv",112387,"Al Ahli Jeddah","Pro League","Saudi Arabia",67,64700000,"Men"
"male_teams.csv",112389,"Al Faisaly","Pro League","Saudi Arabia",67,8000000,"Men"
"male_teams.csv",112393,"Al Taawon","Pro League","Saudi Arabia",67,22100000,"Men"
"male_teams.csv",112409,"Carpi","Serie B","Italy",67,28000000,"Men"
"male_teams.csv",112540,"Shanghai SIPG","Super League","China PR",67,29000000,"Men"
"male_teams.csv",112578,"Rionegro Águilas","Liga BetPlay","Colombia",67,4500000,"Men"
"male_teams.csv",112584,"CD Everton de Viña del Mar","Primera Division","Chile",67,6500000,"Men"
"male_teams.csv",112606,"Orlando City","Major League Soccer","United States",67,265500000,"Men"
"male_teams.csv",112689,"Platense","Liga Profesional","Argentina",67,5500000,"Men"
"male_teams.csv",112713,"Sarmiento","Liga Profesional","Argentina",67,4500000,"Men"
"male_teams.csv",112791,"SPAL","Serie B","Italy",67,20000000,"Men"
"male_teams.csv",113057,"Al Feiha","Pro League","Saudi Arabia",67,6100000,"Men"
"male_teams.csv",113147,"Virtus Entella","Serie B","Italy",67,11000000,"Men"
"male_teams.csv",113157,"Sanfrecce Hiroshima","J-League","Japan",67,27500000,"Men"
"male_teams.csv",113216,"UCAM Murcia CF","La Liga 2","Spain",67,2500000,"Men"
"male_teams.csv",113217,"Dhamk","Pro League","Saudi Arabia",67,4900000,"Men"
"male_teams.csv",113796,"Ümraniyespor","Super Lig","Turkey",67,1000000,"Men"
"male_teams.csv",114640,"Charlotte","Major League Soccer","United States",67,200000000,"Men"
"male_teams.csv",59,"Bordeaux","Ligue 2","France",69,35000000,"Men"
"male_teams.csv",68,"Metz","Ligue 2","France",69,35000000,"Men"
"male_teams.csv",165,"SpVgg Greuther Fürth","2. Bundesliga","Germany",69,28600000,"Men"
"male_teams.csv",171,"Nürnberg","2. Bundesliga","Germany",69,56400000,"Men"
"male_teams.csv",203,"Reggina","Serie B","Italy",69,15000000,"Men"
"male_teams.csv",209,"Sturm Graz","Bundesliga","Austria",69,19000000,"Men"
"male_teams.csv",252,"LASK Linz","Bundesliga","Austria",69,30000000,"Men"
"male_teams.csv",260,"Tenerife","La Liga 2","Spain",69,7000000,"Men"
"male_teams.csv",320,"Malmö FF","Allsvenskan","Sweden",69,59500000,"Men"
"male_teams.csv",459,"Sporting Gijón","La Liga 2","Spain",69,17000000,"Men"
"male_teams.csv",489,"Farense","Liga Portugal","Portugal",69,2000000,"Men"
"male_teams.csv",517,"Botafogo","Serie A","Brazil",69,22000000,"Men"
"male_teams.csv",634,"Fortuna Sittard","Eredivisie","Netherlands",69,18900000,"Men"
"male_teams.csv",670,"Sporting Charleroi","Jupiler Pro League","Belgium",69,40000000,"Men"
"male_teams.csv",687,"Columbus Crew","Major League Soccer","United States",69,180000000,"Men"
"male_teams.csv",688,"DC United","Major League Soccer","United States",69,297000000,"Men"
"male_teams.csv",696,"Sporting KC","Major League Soccer","United States",69,292500000,"Men"
"male_teams.csv",873,"Lech Poznań","Ekstraklasa","Poland",69,14000000,"Men"
"male_teams.csv",896,"Basel","Super League","Switzerland",69,73300000,"Men"
"male_teams.csv",918,"Bodø / Glimt","Eliteserien","Norway",69,15100000,"Men"
"male_teams.csv",1013,"San Lorenzo","Liga Profesional","Argentina",69,107500000,"Men"
"male_teams.csv",1438,"Santa Clara","Liga Portugal","Portugal",69,8500000,"Men"
"male_teams.csv",1477,"Jeonbuk Motors","K League 1","Korea Republic",69,20600000,"Men"
"male_teams.csv",1745,"Como","Serie B","Italy",69,13000000,"Men"
"male_teams.csv",1832,"Karlsruher SC","2. Bundesliga","Germany",69,9700000,"Men"
"male_teams.csv",1847,"Ascoli","Serie B","Italy",69,14000000,"Men"
"male_teams.csv",1891,"CD Nacional","Liga Portugal","Portugal",69,5400000,"Men"
"male_teams.csv",1892,"Paços de Ferreira","Liga Portugal","Portugal",69,9000000,"Men"
"male_teams.csv",1900,"Moreirense","Liga Portugal","Portugal",69,7300000,"Men"
"male_teams.csv",1909,"Vitesse","Eredivisie","Netherlands",69,45000000,"Men"
"male_teams.csv",1910,"NEC","Eredivisie","Netherlands",69,20600000,"Men"
"male_teams.csv",1913,"SC Heerenveen","Eredivisie","Netherlands",69,41100000,"Men"
"male_teams.csv",1960,"Swansea City","Championship","Wales",69,100000000,"Men"
"male_teams.csv",10020,"Estoril","Liga Portugal","Portugal",69,6800000,"Men"
"male_teams.csv",10030,"Paderborn","2. Bundesliga","Germany",69,29300000,"Men"
"male_teams.csv",10031,"Portimonense","Liga Portugal","Portugal",69,17600000,"Men"
"male_teams.csv",10846,"Burgos","La Liga 2","Spain",69,2500000,"Men"
"male_teams.csv",15012,"Cultural Leonesa","La Liga 2","Spain",69,2500000,"Men"
"male_teams.csv",100081,"Kortrijk","Jupiler Pro League","Belgium",69,25000000,"Men"
"male_teams.csv",100087,"OH Leuven","Jupiler Pro League","Belgium",69,25000000,"Men"
"male_teams.csv",100135,"APOEL","1. Division","Cyprus",69,35000000,"Men"
"male_teams.csv",100764,"Krylya Sovetov Samara","Premier League","Russia",69,40000000,"Men"
"male_teams.csv",100766,"FC Anzhi Makhachkala","Premier League","Russia",69,15000000,"Men"
"male_teams.csv",100851,"FC Cartagena","La Liga 2","Spain",69,3000000,"Men"
"male_teams.csv",101020,"Kayserispor","Super Lig","Turkey",69,6100000,"Men"
"male_teams.csv",101025,"Gençlerbirliği","Super Lig","Turkey",69,21000000,"Men"
"male_teams.csv",101028,"Hatayspor","Super Lig","Turkey",69,5000000,"Men"
"male_teams.csv",101033,"Konyaspor","Super Lig","Turkey",69,10500000,"Men"
"male_teams.csv",101041,"Sivasspor","Super Lig","Turkey",69,11000000,"Men"
"male_teams.csv",101108,"Olimpia","Primera División","Paraguay",69,52500000,"Men"
"male_teams.csv",101121,"Necaxa","Liga MX","Mexico",69,45000000,"Men"
"male_teams.csv",101146,"Vissel Kobe","J-League","Japan",69,80000000,"Men"
"male_teams.csv",101151,"Yokohama F. Marinos","J-League","Japan",69,42500000,"Men"
"male_teams.csv",110150,"Querétaro","Liga MX","Mexico",69,5000000,"Men"
"male_teams.csv",110178,"Sandhausen","2. Bundesliga","Germany",69,12200000,"Men"
"male_teams.csv",110329,"St. Pauli","2. Bundesliga","Germany",69,34200000,"Men"
"male_teams.csv",110401,"Adanaspor","Super Lig","Turkey",69,2400000,"Men"
"male_teams.csv",110404,"Banfield","Liga Profesional","Argentina",69,15300000,"Men"
"male_teams.csv",110704,"FC Barcelona B","La Liga 2","Spain",69,2800000,"Men"
"male_teams.csv",110724,"Mechelen","Jupiler Pro League","Belgium",69,30000000,"Men"
"male_teams.csv",110738,"Pisa","Serie B","Italy",69,15000000,"Men"
"male_teams.csv",110776,"Gaziantep F.K.","Super Lig","Turkey",69,6000000,"Men"
"male_teams.csv",110827,"Real Oviedo","La Liga 2","Spain",69,3900000,"Men"
"male_teams.csv",110839,"Huesca","La Liga 2","Spain",69,4500000,"Men"
"male_teams.csv",110930,"Orlando Pirates","Premier League","South Africa",69,10500000,"Men"
"male_teams.csv",110980,"Colo-Colo","Primera Division","Chile",69,55000000,"Men"
"male_teams.csv",111042,"Goiás","Serie A","Brazil",69,12500000,"Men"
"male_teams.csv",111046,"Criciúma","Serie B","Brazil",69,5400000,"Men"
"male_teams.csv",111054,"Joinville","Serie B","Brazil",69,2300000,"Men"
"male_teams.csv",111138,"Minnesota United","Major League Soccer","United States",69,270000000,"Men"
"male_teams.csv",111235,"Heidenheim","2. Bundesliga","Germany",69,14400000,"Men"
"male_teams.csv",111539,"Vizela","Liga Portugal","Portugal",69,5600000,"Men"
"male_teams.csv",111575,"Urawa Reds","J-League","Japan",69,62500000,"Men"
"male_teams.csv",111651,"Toronto","Major League Soccer","Canada",69,355500000,"Men"
"male_teams.csv",111701,"Al Ain","Pro League","United Arab Emirates",69,76000000,"Men"
"male_teams.csv",111706,"Godoy Cruz","Liga Profesional","Argentina",69,22000000,"Men"
"male_teams.csv",111711,"Huracán","Liga Profesional","Argentina",69,18300000,"Men"
"male_teams.csv",111716,"Unión Santa Fe","Liga Profesional","Argentina",69,13000000,"Men"
"male_teams.csv",111724,"Shandong Luneng","Super League","China PR",69,15900000,"Men"
"male_teams.csv",111817,"Paris","Ligue 2","France",69,19000000,"Men"
"male_teams.csv",112516,"Tondela","Liga Portugal","Portugal",69,6400000,"Men"
"male_teams.csv",112678,"Atlético San Luis","Liga MX","Mexico",69,17000000,"Men"
"male_teams.csv",112679,"Jaguares de Chiapas","Liga MX","Mexico",69,28000000,"Men"
"male_teams.csv",112716,"Cerro Porteño","Primera División","Paraguay",69,54500000,"Men"
"male_teams.csv",113134,"Juárez","Liga MX","Mexico",69,4500000,"Men"
"male_teams.csv",114161,"Austin","Major League Soccer","United States",69,170000000,"Men"
"male_teams.csv",114162,"Nashville SC","Major League Soccer","United States",69,180000000,"Men"
"male_teams.csv",114899,"Mazatlán","Liga MX","Mexico",69,2800000,"Men"
"male_teams.csv",33,"1860 München","3. Liga","Germany",66,5600000,"Men"
"male_teams.csv",77,"Aberdeen","Premiership","Scotland",66,7500000,"Men"
"male_teams.csv",181,"Dundee United","Premiership","Scotland",66,4000000,"Men"
"male_teams.csv",270,"Silkeborg","Superliga","Denmark",66,5000000,"Men"
"male_teams.csv",299,"Lillestrøm","Eliteserien","Norway",66,7500000,"Men"
"male_teams.csv",300,"Viking","Eliteserien","Norway",66,10200000,"Men"
"male_teams.csv",310,"Rapid Bucuresti","Liga 1","Romania",66,3500000,"Men"
"male_teams.csv",322,"Grasshopper","Super League","Switzerland",66,14200000,"Men"
"male_teams.csv",433,"AIK","Allsvenskan","Sweden",66,18300000,"Men"
"male_teams.csv",503,"Dynamo Dresden","3. Liga","Germany",66,10300000,"Men"
"male_teams.csv",523,"Saarbrücken","3. Liga","Germany",66,4700000,"Men"
"male_teams.csv",635,"De Graafschap","Eredivisie","Netherlands",66,19000000,"Men"
"male_teams.csv",647,"SC Cambuur","Eredivisie","Netherlands",66,17700000,"Men"
"male_teams.csv",650,"ADO Den Haag","Eredivisie","Netherlands",66,46000000,"Men"
"male_teams.csv",693,"Chicago Fire","Major League Soccer","United States",66,301500000,"Men"
"male_teams.csv",698,"Houston Dynamo","Major League Soccer","United States",66,252000000,"Men"
"male_teams.csv",700,"Elfsborg","Allsvenskan","Sweden",66,8600000,"Men"
"male_teams.csv",702,"Norrköping","Allsvenskan","Sweden",66,14700000,"Men"
"male_teams.csv",898,"St. Gallen","Super League","Switzerland",66,18000000,"Men"
"male_teams.csv",920,"Vålerenga","Eliteserien","Norway",66,10100000,"Men"
"male_teams.csv",1445,"Esbjerg","Superliga","Denmark",66,6900000,"Men"
"male_teams.csv",1474,"Pohang Steelers","K League 1","Korea Republic",66,10900000,"Men"
"male_teams.csv",1475,"Jeonnam Dragons","K League 1","Korea Republic",66,8800000,"Men"
"male_teams.csv",1478,"Jeju United","K League 1","Korea Republic",66,13100000,"Men"
"male_teams.csv",1738,"Le Havre","Ligue 2","France",66,17000000,"Men"
"male_teams.csv",1739,"Le Mans","Ligue 2","France",66,5500000,"Men"
"male_teams.csv",1788,"Nordsjælland","Superliga","Denmark",66,12600000,"Men"
"male_teams.csv",1805,"Grenoble Foot 38","Ligue 2","France",66,10000000,"Men"
"male_teams.csv",1814,"Laval","Ligue 2","France",66,9500000,"Men"
"male_teams.csv",1862,"Lausanne Sport","Super League","Switzerland",66,14500000,"Men"
"male_teams.csv",1905,"RKC Waalwijk","Eredivisie","Netherlands",66,15000000,"Men"
"male_teams.csv",1914,"PEC Zwolle","Eredivisie","Netherlands",66,27000000,"Men"
"male_teams.csv",2017,"Hartberg","Bundesliga","Austria",66,10000000,"Men"
"male_teams.csv",2038,"Avellino","Serie B","Italy",66,17000000,"Men"
"male_teams.csv",2056,"Daegu","K League 1","Korea Republic",66,12100000,"Men"
"male_teams.csv",15021,"Sabadell","La Liga 2","Spain",66,2700000,"Men"
"male_teams.csv",100628,"FC Emmen","Eredivisie","Netherlands",66,14400000,"Men"
"male_teams.csv",100632,"Go Ahead Eagles","Eredivisie","Netherlands",66,15900000,"Men"
"male_teams.csv",101102,"Deportivo Cali","Liga BetPlay","Colombia",66,30500000,"Men"
"male_teams.csv",101104,"Santa Fe","Liga BetPlay","Colombia",66,20500000,"Men"
"male_teams.csv",101110,"Peñarol","Primera Division","Uruguay",66,48200000,"Men"
"male_teams.csv",110069,"Mirandés","La Liga 2","Spain",66,2500000,"Men"
"male_teams.csv",110075,"SSC Farul","Liga 1","Romania",66,6200000,"Men"
"male_teams.csv",110316,"GFC Ajaccio","Ligue 2","France",66,8000000,"Men"
"male_teams.csv",110392,"Atlético de Rafaela","Liga Profesional","Argentina",66,5000000,"Men"
"male_teams.csv",110456,"Valenciennes","Ligue 2","France",66,10500000,"Men"
"male_teams.csv",110554,"Quilmes Atlético Club","Liga Profesional","Argentina",66,5000000,"Men"
"male_teams.csv",110576,"Football Bourg En Bresse Peronnas 01","Ligue 2","France",66,6500000,"Men"
"male_teams.csv",110711,"Real Sociedad II","La Liga 2","Spain",66,3800000,"Men"
"male_teams.csv",110734,"Crotone","Serie B","Italy",66,27000000,"Men"
"male_teams.csv",110765,"Incheon United","K League 1","Korea Republic",66,10200000,"Men"
"male_teams.csv",110902,"Villarreal II","La Liga 2","Spain",66,2500000,"Men"
"male_teams.csv",110969,"The Strongest","Liga De Futbol Prof","Bolivia",66,14600000,"Men"
"male_teams.csv",110981,"Barcelona Guayaquil","Liga Pro","Ecuador",66,35000000,"Men"
"male_teams.csv",111065,"Real Salt Lake","Major League Soccer","United States",66,211500000,"Men"
"male_teams.csv",111086,"Piast Gliwice","Ekstraklasa","Poland",66,6300000,"Men"
"male_teams.csv",111091,"Lechia Gdańsk","Ekstraklasa","Poland",66,6500000,"Men"
"male_teams.csv",111239,"Ingolstadt","3. Liga","Germany",66,12500000,"Men"
"male_teams.csv",111400,"Sydney","A-League","Australia",66,12500000,"Men"
"male_teams.csv",111768,"Beijing Guoan","Super League","China PR",66,10300000,"Men"
"male_teams.csv",111822,"Wolfsberger AC","Bundesliga","Austria",66,15000000,"Men"
"male_teams.csv",111928,"SJ Earthquakes","Major League Soccer","United States",66,247500000,"Men"
"male_teams.csv",111993,"Cittadella","Serie B","Italy",66,13000000,"Men"
"male_teams.csv",112122,"Kardemir Karabükspor","Super Lig","Turkey",66,4000000,"Men"
"male_teams.csv",112276,"Orléans","Ligue 2","France",66,7500000,"Men"
"male_teams.csv",112392,"Al Raed","Pro League","Saudi Arabia",66,10700000,"Men"
"male_teams.csv",112398,"FC Pro Vercelli 1892","Serie B","Italy",66,12000000,"Men"
"male_teams.csv",112408,"Al Wahda","Pro League","Saudi Arabia",66,9200000,"Men"
"male_teams.csv",112410,"Trapani","Serie B","Italy",66,13000000,"Men"
"male_teams.csv",112427,"Western Sydney Wanderers","A-League","Australia",66,6300000,"Men"
"male_teams.csv",112444,"Consadole Sapporo","J-League","Japan",66,26000000,"Men"
"male_teams.csv",112494,"Südtirol","Serie B","Italy",66,10000000,"Men"
"male_teams.csv",112523,"La Equidad","Liga BetPlay","Colombia",66,15500000,"Men"
"male_teams.csv",112531,"Deportes Iquique","Primera Division","Chile",66,5000000,"Men"
"male_teams.csv",112558,"Suwon","K League 1","Korea Republic",66,10200000,"Men"
"male_teams.csv",112828,"New York City","Major League Soccer","United States",66,346500000,"Men"
"male_teams.csv",112965,"Central Cordoba SdE","Liga Profesional","Argentina",66,7300000,"Men"
"male_teams.csv",113044,"Barracas Central","Liga Profesional","Argentina",66,4500000,"Men"
"male_teams.csv",113058,"Abha","Pro League","Saudi Arabia",66,5800000,"Men"
"male_teams.csv",113143,"Torque","Primera Division","Uruguay",66,7500000,"Men"
"male_teams.csv",113180,"Viitorul","Liga 1","Romania",66,6900000,"Men"
"male_teams.csv",113186,"Avispa Fukuoka","J-League","Japan",66,10800000,"Men"
"male_teams.csv",113259,"Yeni Malatyaspor","Super Lig","Turkey",66,27000000,"Men"
"male_teams.csv",113356,"Amorebieta","La Liga 2","Spain",66,2500000,"Men"
"male_teams.csv",113378,"Sepsi","Liga 1","Romania",66,5800000,"Men"
"male_teams.csv",114023,"Western United","A-League","Australia",66,6000000,"Men"
"male_teams.csv",114554,"FC Andorra","La Liga 2","Spain",66,2500000,"Men"
"male_teams.csv",114582,"Deportivo Binacional","Primera Division","Peru",66,3800000,"Men"
"male_teams.csv",27,"Hansa Rostock","2. Bundesliga","Germany",68,12900000,"Men"
"male_teams.csv",29,"Kaiserslautern","2. Bundesliga","Germany",68,13200000,"Men"
"male_teams.csv",190,"Brescia","Serie B","Italy",68,37000000,"Men"
"male_teams.csv",200,"Pescara","Serie B","Italy",68,23000000,"Men"
"male_teams.csv",210,"Caen","Ligue 2","France",68,17000000,"Men"
"male_teams.csv",226,"Sochaux","Ligue 2","France",68,17000000,"Men"
"male_teams.csv",254,"Rapid Vienna","Bundesliga","Austria",68,50000000,"Men"
"male_teams.csv",269,"Brøndby","Superliga","Denmark",68,20500000,"Men"
"male_teams.csv",308,"Universitatea Craiova","Liga 1","Romania",68,7000000,"Men"
"male_teams.csv",324,"Servette","Super League","Switzerland",68,10300000,"Men"
"male_teams.csv",417,"Molde","Eliteserien","Norway",68,16000000,"Men"
"male_teams.csv",469,"Extremadura UD","La Liga 2","Spain",68,2500000,"Men"
"male_teams.csv",477,"Numancia","La Liga 2","Spain",68,4000000,"Men"
"male_teams.csv",518,"Chaves","Liga Portugal","Portugal",68,5600000,"Men"
"male_teams.csv",543,"Jahn Regensburg","2. Bundesliga","Germany",68,8900000,"Men"
"male_teams.csv",570,"Ternana","Serie B","Italy",68,15000000,"Men"
"male_teams.csv",573,"Málaga","La Liga 2","Spain",68,95000000,"Men"
"male_teams.csv",576,"Holstein Kiel","2. Bundesliga","Germany",68,16900000,"Men"
"male_teams.csv",680,"Sint-Truiden","Jupiler Pro League","Belgium",68,30000000,"Men"
"male_teams.csv",681,"Westerlo","Jupiler Pro League","Belgium",68,15000000,"Men"
"male_teams.csv",682,"KV Oostende","Jupiler Pro League","Belgium",68,25000000,"Men"
"male_teams.csv",689,"New York RB","Major League Soccer","United States",68,261000000,"Men"
"male_teams.csv",695,"Dallas","Major League Soccer","United States",68,178000000,"Men"
"male_teams.csv",697,"LA Galaxy","Major League Soccer","United States",68,432000000,"Men"
"male_teams.csv",710,"Djurgården","Allsvenskan","Sweden",68,18300000,"Men"
"male_teams.csv",749,"BB Erzurumspor","Super Lig","Turkey",68,4500000,"Men"
"male_teams.csv",820,"AaB","Superliga","Denmark",68,9400000,"Men"
"male_teams.csv",894,"Zürich","Super League","Switzerland",68,12000000,"Men"
"male_teams.csv",1744,"Modena","Serie B","Italy",68,12000000,"Men"
"male_teams.csv",1750,"Cercle Brugge","Jupiler Pro League","Belgium",68,30000000,"Men"
"male_teams.csv",1843,"Palermo","Serie B","Italy",68,20000000,"Men"
"male_teams.csv",1848,"Bari 1908","Serie B","Italy",68,22000000,"Men"
"male_teams.csv",1871,"Legia Warszawa","Ekstraklasa","Poland",68,8000000,"Men"
"male_teams.csv",1889,"Belenenses","Liga Portugal","Portugal",68,8000000,"Men"
"male_teams.csv",1961,"Cardiff City","Championship","Wales",68,70000000,"Men"
"male_teams.csv",2007,"Sporting Lokeren","Jupiler Pro League","Belgium",68,6300000,"Men"
"male_teams.csv",2023,"Ponferradina","La Liga 2","Spain",68,4300000,"Men"
"male_teams.csv",10019,"CD Feirense","Liga Portugal","Portugal",68,2300000,"Men"
"male_teams.csv",15005,"Zulte-Waregem","Jupiler Pro League","Belgium",68,35000000,"Men"
"male_teams.csv",15019,"Gimnàstic de Tarragona","La Liga 2","Spain",68,3200000,"Men"
"male_teams.csv",15029,"Universidad Chile","Primera Division","Chile",68,34000000,"Men"
"male_teams.csv",100761,"FCSB","Liga 1","Romania",68,13000000,"Men"
"male_teams.csv",100852,"Castellón","La Liga 2","Spain",68,2600000,"Men"
"male_teams.csv",100888,"Leganés","La Liga 2","Spain",68,10800000,"Men"
"male_teams.csv",101084,"Gimnasia La Plata","Liga Profesional","Argentina",68,10000000,"Men"
"male_teams.csv",101101,"Junior","Liga BetPlay","Colombia",68,45500000,"Men"
"male_teams.csv",101103,"Independiente Medellín","Liga BetPlay","Colombia",68,29000000,"Men"
"male_teams.csv",101106,"Once Caldas","Liga BetPlay","Colombia",68,9000000,"Men"
"male_teams.csv",101112,"Vancouver Whitecaps","Major League Soccer","Canada",68,193500000,"Men"
"male_teams.csv",101147,"Kashima Antlers","J-League","Japan",68,60000000,"Men"
"male_teams.csv",101148,"Cerezo Osaka","J-League","Japan",68,32000000,"Men"
"male_teams.csv",110066,"CF Rayo Majadahonda","La Liga 2","Spain",68,2500000,"Men"
"male_teams.csv",110234,"Amkar Perm","Premier League","Russia",68,12000000,"Men"
"male_teams.csv",110500,"Eintracht Braunschweig","2. Bundesliga","Germany",68,9300000,"Men"
"male_teams.csv",110569,"Dijon","Ligue 2","France",68,20000000,"Men"
"male_teams.csv",110580,"Rosario Central","Liga Profesional","Argentina",68,30000000,"Men"
"male_teams.csv",110770,"Sion","Super League","Switzerland",68,14500000,"Men"
"male_teams.csv",110816,"CFR Cluj","Liga 1","Romania",68,7200000,"Men"
"male_teams.csv",110911,"Foggia","Serie B","Italy",68,15000000,"Men"
"male_teams.csv",110912,"Padova","Serie B","Italy",68,22000000,"Men"
"male_teams.csv",110929,"Kaizer Chiefs","Premier League","South Africa",68,10000000,"Men"
"male_teams.csv",110968,"Bolívar","Liga De Futbol Prof","Bolivia",68,7900000,"Men"
"male_teams.csv",110975,"Universidad Católica","Primera Division","Chile",68,36500000,"Men"
"male_teams.csv",111013,"Sporting Cristal","Primera Division","Peru",68,26300000,"Men"
"male_teams.csv",111022,"Belgrano de Córdoba","Liga Profesional","Argentina",68,20500000,"Men"
"male_teams.csv",111035,"Lobos BUAP","Liga MX","Mexico",68,5000000,"Men"
"male_teams.csv",111117,"Fatih Karagümrük","Super Lig","Turkey",68,8400000,"Men"
"male_teams.csv",111264,"FC Ural Yekaterinburg","Premier League","Russia",68,20000000,"Men"
"male_teams.csv",111325,"Nacional","Primera Division","Uruguay",68,55000000,"Men"
"male_teams.csv",111334,"Melgar","Primera Division","Peru",68,14800000,"Men"
"male_teams.csv",111560,"Royal Excel Mouscron","Jupiler Pro League","Belgium",68,25000000,"Men"
"male_teams.csv",111657,"Frosinone","Serie B","Italy",68,30000000,"Men"
"male_teams.csv",111708,"Atlético Tucumán","Liga Profesional","Argentina",68,10000000,"Men"
"male_teams.csv",111722,"Deportes Tolima","Liga BetPlay","Colombia",68,42700000,"Men"
"male_teams.csv",112092,"Nagoya Grampus","J-League","Japan",68,45000000,"Men"
"male_teams.csv",112093,"Gamba Osaka","J-League","Japan",68,43000000,"Men"
"male_teams.csv",112261,"FC Orenburg","Premier League","Russia",68,10000000,"Men"
"male_teams.csv",112390,"Al Fateh","Pro League","Saudi Arabia",68,9000000,"Men"
"male_teams.csv",112476,"Chapecoense","Serie A","Brazil",68,14000000,"Men"
"male_teams.csv",112513,"Arouca","Liga Portugal","Portugal",68,5700000,"Men"
"male_teams.csv",112893,"Inter Miami","Major League Soccer","United States",68,330000000,"Men"
"male_teams.csv",112908,"Independiente del Valle","Liga Pro","Ecuador",68,33500000,"Men"
"male_teams.csv",112954,"Vicenza","Serie B","Italy",68,15000000,"Men"
"male_teams.csv",113149,"Cincinnati","Major League Soccer","United States",68,226500000,"Men"
"male_teams.csv",113704,"FC Tosno","Premier League","Russia",68,7000000,"Men"
"male_teams.csv",113958,"Pordenone","Serie B","Italy",68,9000000,"Men"
"male_teams.csv",113981,"UD Ibiza","La Liga 2","Spain",68,2800000,"Men"
"male_teams.csv",114326,"Raków Częstochowa","Ekstraklasa","Poland",68,9000000,"Men"
"male_teams.csv",116361,"Wuhan Three Towns","Super League","China PR",68,15300000,"Men"
"male_teams.csv",58,"Bastia","Ligue 2","France",64,10000000,"Men"
"male_teams.csv",82,"Kilmarnock","Premiership","Scotland",64,5500000,"Men"
"male_teams.csv",167,"Uerdingen","3. Liga","Germany",64,8000000,"Men"
"male_teams.csv",172,"Unterhaching","3. Liga","Germany",64,5600000,"Men"
"male_teams.csv",180,"Dundee","Premiership","Scotland",64,3800000,"Men"
"male_teams.csv",272,"OB","Superliga","Denmark",64,6900000,"Men"
"male_teams.csv",301,"Widzew Lodz","Ekstraklasa","Poland",64,3200000,"Men"
"male_teams.csv",319,"IFK Göteborg","Allsvenskan","Sweden",64,12100000,"Men"
"male_teams.csv",435,"Neuchâtel Xamax","Super League","Switzerland",64,9000000,"Men"
"male_teams.csv",487,"Osnabrück","3. Liga","Germany",64,6400000,"Men"
"male_teams.csv",492,"Wehen Wiesbaden","3. Liga","Germany",64,7000000,"Men"
"male_teams.csv",507,"Chemnitzer FC","3. Liga","Germany",64,4200000,"Men"
"male_teams.csv",526,"Rot-Weiss Essen","3. Liga","Germany",64,4100000,"Men"
"male_teams.csv",580,"Elversberg","3. Liga","Germany",64,2000000,"Men"
"male_teams.csv",621,"Livingston","Premiership","Scotland",64,3400000,"Men"
"male_teams.csv",631,"Ross County","Premiership","Scotland",64,3900000,"Men"
"male_teams.csv",746,"İstanbulspor","Super Lig","Turkey",64,1200000,"Men"
"male_teams.csv",874,"Ruch Chorzów","Ekstraklasa","Poland",64,10000000,"Men"
"male_teams.csv",922,"Strømsgodset","Eliteserien","Norway",64,6400000,"Men"
"male_teams.csv",1447,"SønderjyskE","Superliga","Denmark",64,4400000,"Men"
"male_teams.csv",1715,"Thun","Super League","Switzerland",64,10500000,"Men"
"male_teams.csv",1754,"Partick Thistle FC","Premiership","Scotland",64,5700000,"Men"
"male_teams.csv",1785,"Mattersburg","Bundesliga","Austria",64,5400000,"Men"
"male_teams.csv",1813,"Niort","Ligue 2","France",64,9000000,"Men"
"male_teams.csv",1825,"MSV Duisburg","3. Liga","Germany",64,10100000,"Men"
"male_teams.csv",15009,"Rheindorf Altach","Bundesliga","Austria",64,10000000,"Men"
"male_teams.csv",100325,"HJK","Veikkausliiga","Finland",64,4100000,"Men"
"male_teams.csv",100759,"Argeş","Liga 1","Romania",64,3500000,"Men"
"male_teams.csv",100805,"St. Mirren","Premiership","Scotland",64,3600000,"Men"
"male_teams.csv",101144,"Júbilo Iwata","J-League","Japan",64,10500000,"Men"
"male_teams.csv",110078,"Petrolul 52","Liga 1","Romania",64,2800000,"Men"
"male_teams.csv",110169,"SC Fortuna Köln","3. Liga","Germany",64,3800000,"Men"
"male_teams.csv",110197,"Würzburger Kickers","3. Liga","Germany",64,5800000,"Men"
"male_teams.csv",110592,"Zwickau","3. Liga","Germany",64,3000000,"Men"
"male_teams.csv",110597,"Meppen","3. Liga","Germany",64,3000000,"Men"
"male_teams.csv",110700,"VfL Sportfreunde Lotte","3. Liga","Germany",64,4200000,"Men"
"male_teams.csv",110974,"Wilstermann","Liga De Futbol Prof","Bolivia",64,13500000,"Men"
"male_teams.csv",110978,"Cobresal","Primera Division","Chile",64,5000000,"Men"
"male_teams.csv",110987,"Aucas","Liga Pro","Ecuador",64,2900000,"Men"
"male_teams.csv",110989,"Caracas","Primera Division","Venezuela",64,13500000,"Men"
"male_teams.csv",110990,"Deportivo Táchira","Primera Division","Venezuela",64,12500000,"Men"
"male_teams.csv",111001,"Wanderers","Primera Division","Uruguay",64,15900000,"Men"
"male_teams.csv",111002,"Fénix","Primera Division","Uruguay",64,2000000,"Men"
"male_teams.csv",111273,"Red Star FC","Ligue 2","France",64,8300000,"Men"
"male_teams.csv",111327,"Huachipato","Primera Division","Chile",64,10000000,"Men"
"male_teams.csv",111332,"Estudiantes Mérida","Primera Division","Venezuela",64,4100000,"Men"
"male_teams.csv",111393,"Adelaide United","A-League","Australia",64,8000000,"Men"
"male_teams.csv",111659,"Rodez","Ligue 2","France",64,8200000,"Men"
"male_teams.csv",111660,"Vendsyssel FF","Superliga","Denmark",64,1600000,"Men"
"male_teams.csv",111707,"Aldosivi","Liga Profesional","Argentina",64,8200000,"Men"
"male_teams.csv",111721,"Cúcuta Deportivo","Liga BetPlay","Colombia",64,8300000,"Men"
"male_teams.csv",111723,"Deportivo Pasto","Liga BetPlay","Colombia",64,6500000,"Men"
"male_teams.csv",111766,"Wellington Phoenix","A-League","New Zealand",64,5900000,"Men"
"male_teams.csv",111769,"Changchun Yatai","Super League","China PR",64,9500000,"Men"
"male_teams.csv",111779,"Henan Jianye","Super League","China PR",64,7000000,"Men"
"male_teams.csv",111821,"Admira","Bundesliga","Austria",64,12500000,"Men"
"male_teams.csv",112258,"Gwangju","K League 1","Korea Republic",64,4900000,"Men"
"male_teams.csv",112391,"Al Quadisiya","Pro League","Saudi Arabia",64,4200000,"Men"
"male_teams.csv",112505,"Miedź Legnica","Ekstraklasa","Poland",64,3000000,"Men"
"male_teams.csv",112508,"Sandecja Nowy Sącz","Ekstraklasa","Poland",64,3500000,"Men"
"male_teams.csv",112510,"Nieciecza","Ekstraklasa","Poland",64,3100000,"Men"
"male_teams.csv",112511,"Warta Poznań","Ekstraklasa","Poland",64,2500000,"Men"
"male_teams.csv",112534,"Univ. Concepción","Primera Division","Chile",64,14000000,"Men"
"male_teams.csv",112585,"Ñublense","Primera Division","Chile",64,13500000,"Men"
"male_teams.csv",112627,"Chambly","Ligue 2","France",64,6500000,"Men"
"male_teams.csv",112659,"Real Garcilaso","Primera Division","Peru",64,2900000,"Men"
"male_teams.csv",112667,"Nacional Potosí","Liga De Futbol Prof","Bolivia",64,1700000,"Men"
"male_teams.csv",112671,"Nacional Asunción","Primera División","Paraguay",64,14500000,"Men"
"male_teams.csv",112705,"Coquimbo Unido","Primera Division","Chile",64,5000000,"Men"
"male_teams.csv",112709,"Club Deportes Temuco","Primera Division","Chile",64,5000000,"Men"
"male_teams.csv",112783,"Tokushima Vortis","J-League","Japan",64,10000000,"Men"
"male_teams.csv",112883,"Al Khaleej","Pro League","Saudi Arabia",64,4100000,"Men"
"male_teams.csv",113158,"Matsumoto Yamaga","J-League","Japan",64,9000000,"Men"
"male_teams.csv",113197,"Yokohama","J-League","Japan",64,12500000,"Men"
"male_teams.csv",113222,"Al Hazm","Pro League","Saudi Arabia",64,2700000,"Men"
"male_teams.csv",113345,"Al Adalh","Pro League","Saudi Arabia",64,1900000,"Men"
"male_teams.csv",113387,"Chindia Târgovişte","Liga 1","Romania",64,2300000,"Men"
"male_teams.csv",113723,"Guayaquil City","Liga Pro","Ecuador",64,3500000,"Men"
"male_teams.csv",114004,"Stal Mielec","Ekstraklasa","Poland",64,3200000,"Men"
"male_teams.csv",114024,"Plaza Colonia","Primera Division","Uruguay",64,1700000,"Men"
"male_teams.csv",114511,"Sport Huancayo","Primera Division","Peru",64,3000000,"Men"
"male_teams.csv",114512,"Ayacucho","Primera Division","Peru",64,12500000,"Men"
"male_teams.csv",114579,"Royal Pari","Liga De Futbol Prof","Bolivia",64,4000000,"Men"
"male_teams.csv",114580,"Delfin","Liga Pro","Ecuador",64,11000000,"Men"
"male_teams.csv",114615,"Mushuc Runa","Liga Pro","Ecuador",64,6500000,"Men"
"male_teams.csv",114619,"Carlos Manucci","Primera Division","Peru",64,4300000,"Men"
"male_teams.csv",115487,"9 de Octubre","Liga Pro","Ecuador",64,14000000,"Men"
"male_teams.csv",115494,"Annecy","Ligue 2","France",64,8000000,"Men"
"male_teams.csv",115536,"Cerro Largo","Primera Division","Uruguay",64,5000000,"Men"
"male_teams.csv",115694,"Hermanos Colmenares","Primera Division","Venezuela",64,3000000,"Men"
"male_teams.csv",1,"Arsenal","Premier League","England",80,2000000000,"Men"
"male_teams.csv",2,"Aston Villa","Premier League","England",79,715400000,"Men"
"male_teams.csv",3,"Blackburn Rovers","Championship","England",70,36000000,"Men"
"male_teams.csv",4,"Bolton Wanderers","League One","England",65,5000000,"Men"
"male_teams.csv",5,"Chelsea","Premier League","England",84,-2147483648,"Men"
"male_teams.csv",7,"Everton","Premier League","England",77,896600000,"Men"
"male_teams.csv",8,"Leeds United","Premier League","England",76,763100000,"Men"
"male_teams.csv",9,"Liverpool","Premier League","England",84,-2147483648,"Men"
"male_teams.csv",10,"Manchester City","Premier League","England",85,-2147483648,"Men"
"male_teams.csv",11,"Manchester United","Premier League","England",82,-2147483648,"Men"
"male_teams.csv",12,"Middlesbrough","Championship","England",71,67000000,"Men"
"male_teams.csv",13,"Newcastle United","Premier League","England",79,455000000,"Men"
"male_teams.csv",14,"Nottingham Forest","Premier League","England",76,90000000,"Men"
"male_teams.csv",15,"Queens Park Rangers","Championship","England",70,28000000,"Men"
"male_teams.csv",17,"Southampton","Premier League","England",75,495000000,"Men"
"male_teams.csv",18,"Tottenham Hotspur","Premier League","England",81,-2147483648,"Men"
"male_teams.csv",19,"West Ham United","Premier League","England",79,858500000,"Men"
"male_teams.csv",88,"Birmingham City","Championship","England",69,22000000,"Men"
"male_teams.csv",89,"Charlton Athletic","League One","England",65,6400000,"Men"
"male_teams.csv",91,"Derby County","League One","England",67,9000000,"Men"
"male_teams.csv",92,"Grimsby Town","League Two","England",61,2000000,"Men"
"male_teams.csv",94,"Ipswich Town","League One","England",67,7000000,"Men"
"male_teams.csv",95,"Leicester City","Premier League","England",79,882300000,"Men"
"male_teams.csv",97,"Millwall","Championship","England",70,22000000,"Men"
"male_teams.csv",106,"Sunderland","Championship","England",68,13000000,"Men"
"male_teams.csv",109,"West Bromwich Albion","Championship","England",71,137000000,"Men"
"male_teams.csv",110,"Wolverhampton Wanderers","Premier League","England",78,416500000,"Men"
"male_teams.csv",121,"Crewe Alexandra","League Two","England",61,2500000,"Men"
"male_teams.csv",127,"Shrewsbury Town","League One","England",65,3300000,"Men"
"male_teams.csv",135,"Barnet","League Two","England",61,2200000,"Men"
"male_teams.csv",142,"Doncaster Rovers","League Two","England",62,3300000,"Men"
"male_teams.csv",143,"Exeter City","League One","England",63,2900000,"Men"
"male_teams.csv",144,"Fulham","Premier League","England",76,155000000,"Men"
"male_teams.csv",149,"Lincoln City","League One","England",63,3400000,"Men"
"male_teams.csv",346,"Yeovil Town","League Two","England",61,1900000,"Men"
"male_teams.csv",357,"Morecambe","League One","England",63,2700000,"Men"
"male_teams.csv",361,"Stevenage","League Two","England",63,3000000,"Men"
"male_teams.csv",381,"Barrow","League Two","England",61,2100000,"Men"
"male_teams.csv",561,"Forest Green Rovers","League One","England",63,3200000,"Men"
"male_teams.csv",1480,"Carlisle United","League Two","England",62,2100000,"Men"
"male_teams.csv",1790,"Portsmouth","League One","England",65,5500000,"Men"
"male_teams.csv",1792,"Norwich City","Championship","England",72,145000000,"Men"
"male_teams.csv",1793,"Reading","Championship","England",69,40000000,"Men"
"male_teams.csv",1794,"Sheffield United","Championship","England",72,149500000,"Men"
"male_teams.csv",1795,"Watford","Championship","England",73,150000000,"Men"
"male_teams.csv",1796,"Burnley","Championship","England",73,155000000,"Men"
"male_teams.csv",1797,"Rotherham United","Championship","England",67,4700000,"Men"
"male_teams.csv",1798,"Milton Keynes Dons","League One","England",64,3800000,"Men"
"male_teams.csv",1799,"Crystal Palace","Premier League","England",76,410500000,"Men"
"male_teams.csv",1800,"Coventry City","Championship","England",70,14000000,"Men"
"male_teams.csv",1801,"Preston North End","Championship","England",70,20000000,"Men"
"male_teams.csv",1802,"Gillingham","League Two","England",62,3400000,"Men"
"male_teams.csv",1803,"Walsall","League Two","England",62,2800000,"Men"
"male_teams.csv",1804,"Bradford City","League Two","England",62,3000000,"Men"
"male_teams.csv",1806,"Stoke City","Championship","England",69,55000000,"Men"
"male_teams.csv",1807,"Sheffield Wednesday","League One","England",67,9000000,"Men"
"male_teams.csv",1808,"Brighton & Hove Albion","Premier League","England",76,355000000,"Men"
"male_teams.csv",1917,"Wigan Athletic","Championship","England",68,9000000,"Men"
"male_teams.csv",1919,"Bristol City","Championship","England",69,60000000,"Men"
"male_teams.csv",1920,"Oldham Athletic","League Two","England",61,4500000,"Men"
"male_teams.csv",1923,"Luton Town","Championship","England",69,9800000,"Men"
"male_teams.csv",1924,"Chesterfield","League Two","England",62,4000000,"Men"
"male_teams.csv",1925,"Brentford","Premier League","England",75,195000000,"Men"
"male_teams.csv",1926,"Blackpool","Championship","England",68,5600000,"Men"
"male_teams.csv",1928,"Port Vale","League One","England",63,2900000,"Men"
"male_teams.csv",1929,"Plymouth Argyle","League One","England",66,3300000,"Men"
"male_teams.csv",1930,"Northampton Town","League Two","England",63,2800000,"Men"
"male_teams.csv",1931,"Stockport County","League Two","England",63,2400000,"Men"
"male_teams.csv",1932,"Barnsley","League One","England",65,11000000,"Men"
"male_teams.csv",1933,"Wycombe Wanderers","League One","England",66,5500000,"Men"
"male_teams.csv",1934,"Swindon Town","League Two","England",62,3100000,"Men"
"male_teams.csv",1935,"Colchester United","League Two","England",62,2100000,"Men"
"male_teams.csv",1936,"Cheltenham Town","League One","England",63,3300000,"Men"
"male_teams.csv",1937,"Notts County","League Two","England",63,2100000,"Men"
"male_teams.csv",1938,"Peterborough United","League One","England",67,8800000,"Men"
"male_teams.csv",1939,"Huddersfield Town","Championship","England",69,45000000,"Men"
"male_teams.csv",1940,"Mansfield Town","League Two","England",62,2800000,"Men"
"male_teams.csv",1941,"Hartlepool United","League Two","England",61,2600000,"Men"
"male_teams.csv",1943,"AFC Bournemouth","Premier League","England",74,200000000,"Men"
"male_teams.csv",1944,"Cambridge United","League One","England",64,2900000,"Men"
"male_teams.csv",1945,"Bury","League One","England",59,5000000,"Men"
"male_teams.csv",1949,"Scunthorpe United","League Two","England",60,2800000,"Men"
"male_teams.csv",1951,"Oxford United","League One","England",65,4800000,"Men"
"male_teams.csv",1952,"Hull City","Championship","England",70,12000000,"Men"
"male_teams.csv",1954,"Southend United","League Two","England",61,4000000,"Men"
"male_teams.csv",1955,"Rochdale","League Two","England",61,4000000,"Men"
"male_teams.csv",1958,"Leyton Orient","League Two","England",62,2400000,"Men"
"male_teams.csv",1959,"Macclesfield Town","League Two","England",61,2200000,"Men"
"male_teams.csv",1962,"Bristol Rovers","League One","England",64,3200000,"Men"
"male_teams.csv",15015,"Burton Albion","League One","England",64,5000000,"Men"
"male_teams.csv",15048,"Tranmere Rovers","League Two","England",61,2800000,"Men"
"male_teams.csv",110313,"Accrington Stanley","League One","England",63,4200000,"Men"
"male_teams.csv",110799,"Sutton United","League Two","England",62,2300000,"Men"
"male_teams.csv",110890,"Crawley Town","League Two","England",61,2100000,"Men"
"male_teams.csv",112222,"Harrogate Town","League Two","England",61,2200000,"Men"
"male_teams.csv",112259,"AFC Wimbledon","League Two","England",62,3600000,"Men"
"male_teams.csv",112260,"Fleetwood Town","League One","England",64,3300000,"Men"
"male_teams.csv",113926,"Salford City","League Two","England",63,2400000,"Men"
"female_teams.csv",112998,"Australia","World Cup Women","Australia",78,,"Women"
"female_teams.csv",112999,"Brazil W","World Cup Women","Brazil",79,,"Women"
"female_teams.csv",113000,"Canada W","World Cup Women","Canada",81,,"Women"
"female_teams.csv",113001,"China W","World Cup Women","China PR",74,,"Women"
"female_teams.csv",113002,"England W","World Cup Women","England",84,,"Women"
"female_teams.csv",113003,"France W","World Cup Women","France",84,,"Women"
"female_teams.csv",113004,"Germany W","World Cup Women","Germany",84,,"Women"
"female_teams.csv",113005,"Italy","World Cup Women","Italy",77,,"Women"
"female_teams.csv",113006,"Japan Women","World Cup Women","Japan",79,,"Women"
"female_teams.csv",113007,"Norway W","World Cup Women","Norway",77,,"Women"
"female_teams.csv",113008,"Sweden W","World Cup Women","Sweden",81,,"Women"
"female_teams.csv",113009,"United States W","World Cup Women","United States",85,,"Women"
"female_teams.csv",113010,"Mexico W","World Cup Women","Mexico",75,,"Women"
"female_teams.csv",113011,"Netherlands W","World Cup Women","Netherlands",80,,"Women"
"female_teams.csv",113012,"Spain W","World Cup Women","Spain",77,,"Women"
"female_teams.csv",113258,"New Zealand","World Cup Women","New Zealand",75,,"Women"
"female_teams.csv",113394,"Belgium W","World Cup Women","Belgium",75,,"Women"
"female_teams.csv",113983,"Thailand W","World Cup Women","Thailand",74,,"Women"
"female_teams.csv",113984,"Scotland W","World Cup Women","Scotland",76,,"Women"
"female_teams.csv",113985,"Chile W","World Cup Women","Chile",74,,"Women"
"female_teams.csv",113987,"Korea Republic W","World Cup Women","Korea Republic",76,,"Women"
"female_teams.csv",113991,"Jamaica W","World Cup Women","Jamaica",70,,"Women"
"female_teams.csv",113996,"Argentina W","World Cup Women","Argentina",72,,"Women"
"female_teams.csv",113997,"Nigeria W","World Cup Women","Nigeria",73,,"Women"
"female_teams.csv",113998,"South Africa W","World Cup Women","South Africa",72,,"Women"
"female_teams.csv",114000,"Cameroon W","World Cup Women","Cameroon",72,,"Women"
"female_teams.csv",115682,"Portugal W","World Cup Women","Portugal",73,,"Women"
"female_teams.csv",116009,"Arsenal W","Women's Super League","England",82,1000000,"Women"
"female_teams.csv",116010,"Chelsea W","Women's Super League","England",83,1000000,"Women"
"female_teams.csv",116011,"Tottenham W","Women's Super League","England",78,1000000,"Women"
"female_teams.csv",116012,"Manchester United W","Women's Super League","England",80,1000000,"Women"
"female_teams.csv",116013,"Brighton & Hove Albion W","Women's Super League","England",75,1000000,"Women"
"female_teams.csv",116014,"West Ham W","Women's Super League","England",76,1000000,"Women"
"female_teams.csv",116015,"Aston Villa W","Women's Super League","England",77,1000000,"Women"
"female_teams.csv",116016,"Everton W","Women's Super League","England",75,1000000,"Women"
"female_teams.csv",116017,"Manchester City W","Women's Super League","England",80,1000000,"Women"
"female_teams.csv",116018,"Reading W","Women's Super League","England",75,1000000,"Women"
"female_teams.csv",116020,"Leicester City W","Women's Super League","England",72,1000000,"Women"
"female_teams.csv",116033,"Lyon W","Feminine Division 1","France",85,1000000,"Women"
"female_teams.csv",116034,"Paris SG W","Feminine Division 1","France",83,1000000,"Women"
"female_teams.csv",116035,"Paris W","Feminine Division 1","France",81,1000000,"Women"
"female_teams.csv",116036,"Fleury 91 W","Feminine Division 1","France",77,1000000,"Women"
"female_teams.csv",116037,"Montpellier W","Feminine Division 1","France",78,1000000,"Women"
"female_teams.csv",116038,"Bordeaux W","Feminine Division 1","France",74,1000000,"Women"
"female_teams.csv",116039,"Dijon W","Feminine Division 1","France",74,1000000,"Women"
"female_teams.csv",116040,"Stade de Reims W","Feminine Division 1","France",75,1000000,"Women"
"female_teams.csv",116041,"Soyaux W","Feminine Division 1","France",71,1000000,"Women"
"female_teams.csv",116042,"Guingamp W","Feminine Division 1","France",74,1000000,"Women"
"female_teams.csv",116343,"Liverpool W","Women's Super League","England",73,1000000,"Women"
"female_teams.csv",116386,"Rodez W","Feminine Division 1","France",70,1000000,"Women"
"female_teams.csv",116416,"Le Havre W","Feminine Division 1","France",73,1000000,"Women"
"female_teams.csv",116428,"Iceland W","World Cup Women","Iceland",75,,"Women"
